number,segment,content,option_a,option_b,option_c,option_d,option_e,score_a,score_b,score_c,score_d,score_e,discussion,sub_category
1,TWK,"Di tengah gempuran tren *fashion* dari luar negeri, banyak generasi muda yang lebih bangga menggunakan merek asing. Seorang pemuda pengrajin lokal berusaha membuat sepatu dengan motif tenun tradisional yang desainnya disesuaikan dengan selera anak muda masa kini. Tindakan pemuda tersebut mencerminkan sikap nasionalisme karena...",Menolak masuknya budaya asing secara total di pasar domestik,Mengadaptasi budaya lokal agar lebih modern sehingga mampu bersaing dan meningkatkan kebanggaan pada produk dalam negeri,Memaksa generasi muda untuk meninggalkan merek asing dan beralih ke produk buatannya,Mencari simpati pemerintah agar mendapatkan bantuan modal usaha,Memanfaatkan motif tradisional semata-mata untuk keuntungan finansial pribadi,0,5,0,0,0,Nasionalisme yang adaptif. Memodernisasi produk lokal agar relevan dengan zaman adalah cara efektif untuk menumbuhkan kembali kebanggaan (nasionalisme) generasi muda terhadap identitas budayanya tanpa harus bersikap anti-asing secara buta.,Nasionalisme
2,TWK,"Sikap chauvinisme adalah bentuk rasa cinta tanah air yang berlebihan hingga merendahkan bangsa lain. Dalam pergaulan internasional, sikap yang paling tepat untuk menunjukkan nasionalisme Indonesia yang menolak chauvinisme adalah...",Mengisolasi diri dari pergaulan internasional agar budaya bangsa tidak luntur,Membanggakan kebudayaan nasional di forum global sambil tetap menghargai dan mempelajari keunggulan budaya negara lain,Menyatakan bahwa sistem demokrasi Indonesia adalah yang paling sempurna di dunia,Memaksakan nilai-nilai Pancasila untuk diterapkan oleh negara-negara tetangga,Menolak memberikan bantuan kemanusiaan kepada negara lain karena kebutuhan dalam negeri masih banyak,0,5,0,0,0,"Nasionalisme Indonesia berdasarkan Pancasila bersifat inklusif (kemanusiaan yang adil dan beradab). Kita bangga dengan identitas bangsa, namun tetap menghormati eksistensi, kedaulatan, dan kebudayaan bangsa lain.",Nasionalisme
3,TWK,"Anda bekerja di sebuah instansi yang pegawainya berasal dari berbagai daerah di Indonesia. Suatu ketika, beberapa rekan kerja sering menggunakan bahasa daerah mereka masing-masing saat rapat tim, sehingga Anda yang tidak mengerti merasa dikucilkan. Sikap yang mencerminkan nasionalisme dan persatuan adalah...",Melaporkan mereka ke atasan agar diberikan sanksi pemotongan gaji,Membalas dengan menggunakan bahasa daerah Anda sendiri agar mereka tahu rasanya,Mengingatkan dengan sopan agar menggunakan bahasa Indonesia selama di lingkungan kerja demi kenyamanan dan komunikasi yang efektif,Diam saja dan mencoba merekam pembicaraan mereka untuk diterjemahkan nanti,Keluar dari ruang rapat sebagai bentuk protes karena merasa tidak dihargai,0,0,5,0,0,Mengutamakan persatuan bangsa di atas ikatan kedaerahan. Mengingatkan penggunaan Bahasa Indonesia sebagai bahasa persatuan adalah wujud menjaga komunikasi yang inklusif dan mencegah etnosentrisme di tempat kerja.,Nasionalisme
4,TWK,"Seorang atlet bulu tangkis Indonesia mengalami cedera parah sebelum pertandingan final Olimpiade. Meskipun disarankan mundur oleh tim medis, ia tetap bersikeras bertanding menahan sakit dan akhirnya meraih medali emas untuk Indonesia. Nilai nasionalisme yang paling menonjol dari tindakan atlet tersebut adalah...",Rela berkorban demi mengharumkan nama bangsa di kancah internasional,Keras kepala dalam mencapai ambisi pribadi untuk menjadi juara,Keinginan untuk mendapatkan bonus besar dari pemerintah,Ketidakpercayaan terhadap diagnosis yang diberikan oleh tim medis,Keinginan untuk membuktikan kehebatannya kepada lawan,5,0,0,0,0,"Rela berkorban (mengorbankan kenyamanan/kondisi fisik pribadi) demi tujuan yang lebih besar, yaitu mengibarkan bendera merah putih dan mengharumkan nama negara, adalah wujud murni dari patriotisme dan nasionalisme.",Nasionalisme
5,TWK,"Pemerintah sedang menggalakkan program transmigrasi untuk pemerataan penduduk dan pembangunan. Namun, sering kali terjadi gesekan antara penduduk asli dan pendatang karena perbedaan adat. Upaya preventif pemerintah yang paling berlandaskan semangat kebangsaan adalah...",Membangun tembok pemisah antara pemukiman penduduk asli dan pendatang,Membekali pendatang dengan pemahaman lintas budaya dan memfasilitasi forum silaturahmi rutin antara kedua kelompok,Mewajibkan pendatang untuk membuang seluruh identitas daerah asalnya,Memulangkan kembali pendatang jika terjadi konflik sekecil apa pun,Memberikan senjata kepada penduduk asli untuk menjaga wilayahnya,0,5,0,0,0,Nasionalisme mengedepankan persatuan dalam keberagaman. Edukasi lintas budaya (*cross-cultural understanding*) dan forum silaturahmi adalah mitigasi kultural untuk membangun rasa saling menghargai (*mutual respect*).,Nasionalisme
6,TWK,"Di masa lalu, pemuda-pemuda dari berbagai daerah rela meninggalkan identitas organisasi kedaerahannya (Jong Java, Jong Ambon, dll) untuk bersatu dalam Sumpah Pemuda 1928. Relevansi semangat pengorbanan ini bagi ASN masa kini adalah...",Rela bekerja tanpa dibayar lembur oleh negara,Meninggalkan budaya daerah asal secara total agar terlihat sebagai warga negara modern,Melepaskan ego sektoral atau ego instansi demi mencapai target program pembangunan nasional yang terpadu,Menolak mutasi kerja ke luar pulau jawa karena alasan kenyamanan keluarga,Berani menentang kebijakan pimpinan yang berasal dari suku yang berbeda,0,0,5,0,0,"Sumpah pemuda meleburkan ego kedaerahan. Dalam birokrasi, ini diterjemahkan sebagai peleburan 'ego sektoral/instansi' agar kementerian/lembaga mau berkolaborasi demi tujuan nasional, bukan sekadar pamor instansinya sendiri.",Nasionalisme
7,TWK,Sila kelima Pancasila menekankan Keadilan Sosial bagi Seluruh Rakyat Indonesia. Wujud nyata dari implementasi nilai tersebut oleh pemerintah dalam bidang infrastruktur digital saat ini adalah...,Membangun jaringan internet 5G hanya di kota-kota besar yang memiliki perputaran ekonomi tinggi,Memberikan subsidi kuota internet kepada seluruh pegawai negeri sipil tanpa terkecuali,"Mempercepat pembangunan *Base Transceiver Station* (BTS) dan akses internet di wilayah 3T (Tertinggal, Terdepan, Terluar) agar tidak terjadi kesenjangan digital",Membatasi penggunaan media sosial bagi masyarakat pedesaan agar tidak terpengaruh budaya asing,Menutup akses internet luar negeri agar masyarakat hanya menggunakan situs lokal,0,0,5,0,0,"Keadilan sosial berarti pemerataan akses dan kesempatan, bukan berpusat di Pulau Jawa atau kota besar saja (Jawasentris). Membangun fasilitas dasar di wilayah 3T adalah wujud pemerataan keadilan bagi seluruh rakyat.",Pilar Negara
8,TWK,"Pancasila berfungsi sebagai pandangan hidup bangsa (*Way of Life*). Artinya, dalam kehidupan sehari-hari masyarakat Indonesia, Pancasila berperan sebagai...",Dasar hukum untuk menjatuhkan pidana bagi pelanggar lalu lintas,"Petunjuk arah dan pedoman moral dalam berpikir, bersikap, dan bertingkah laku dalam keseharian",Alat kekuasaan pemerintah untuk membatasi kebebasan berpendapat lawan politik,Syarat mutlak untuk mendapatkan bantuan langsung tunai dari pemerintah,Teks yang wajib dihafalkan oleh setiap anak sekolah sebelum memulai pelajaran,0,5,0,0,0,"Pancasila sebagai Pandangan Hidup Bangsa (*Way of Life*) berarti nilai-nilainya (ketuhanan, kemanusiaan, persatuan, kerakyatan, keadilan) menjadi kompas moral dan pedoman perilaku masyarakat dalam kehidupan sehari-hari.",Pilar Negara
9,TWK,"Toleransi antarumat beragama adalah pengamalan Sila Kesatu dan Kedua Pancasila. Ketika terjadi musibah banjir bandang di sebuah desa yang mayoritas penduduknya berbeda agama dengan Anda, sikap yang paling mencerminkan pilar negara tersebut adalah...",Hanya mengirimkan doa tanpa memberikan bantuan fisik karena takut salah paham,Menggalang dana dan turun langsung membantu perbaikan fasilitas umum dan rumah warga tanpa memandang latar belakang agama mereka,Memberikan bantuan dengan syarat mereka mau mempelajari ajaran agama Anda,Menyarankan pemerintah daerah saja yang turun tangan karena itu bukan urusan pribadi,Membantu sekadarnya saja karena merasa tidak memiliki kedekatan identitas,0,5,0,0,0,"Sila Pertama (agama) dan Sila Kedua (kemanusiaan) menghendaki kita membantu sesama manusia yang sedang tertimpa musibah secara tulus, tanpa diskriminasi atau agenda terselubung terkait perbedaan agama.",Pilar Negara
10,TWK,"Dalam sebuah rapat RT mengenai rencana pembangunan gapura desa, terjadi perbedaan pendapat yang cukup panas antara golongan pemuda dan tetua desa. Ketua RT kemudian menengahi dan mengajak kedua pihak mencari titik temu yang bisa diterima bersama. Hal ini merupakan cerminan nyata dari Sila...",Pertama,Kedua,Ketiga,Keempat,Kelima,0,0,0,5,0,Mengedepankan musyawarah untuk mufakat dalam menyelesaikan perbedaan pendapat dan tidak memaksakan kehendak adalah butir pengamalan mutlak dari Sila Keempat Pancasila.,Pilar Negara
11,TWK,Amandemen UUD 1945 dilakukan untuk menyempurnakan aturan dasar tata negara. Salah satu pasal krusial yang diamandemen adalah mengenai masa jabatan Presiden (Pasal 7) yang dibatasi maksimal dua periode. Alasan filosofis ketatanegaraan dari pembatasan ini adalah...,Agar anggaran pemilu bisa dialokasikan lebih sering untuk menggerakkan ekonomi,Mencegah lahirnya kekuasaan absolut (otoritarianisme) dan menjamin regenerasi kepemimpinan nasional yang demokratis,Memberikan kesempatan kepada partai politik kecil untuk bisa mengusung calon presiden,Agar presiden tidak memiliki beban kerja yang terlalu berat selama masa hidupnya,Menyesuaikan dengan permintaan dari lembaga-lembaga internasional,0,5,0,0,0,Kekuasaan yang terlalu lama cenderung korup (*Power tends to corrupt*). Pembatasan masa jabatan presiden maksimal dua periode adalah amanat reformasi untuk mencegah diktatorisme dan menjamin sirkulasi demokrasi.,Pilar Negara
12,TWK,"Pasal 27 ayat (2) UUD 1945 menyatakan bahwa tiap-tiap warga negara berhak atas pekerjaan dan penghidupan yang layak bagi kemanusiaan. Namun, kewajiban warga negara yang selaras dengan pemenuhan hak tersebut dalam pembangunan ekonomi adalah...",Menuntut negara untuk memberikan pekerjaan kepadanya bagaimanapun caranya,Membayar pajak dengan patuh untuk membiayai program penciptaan lapangan kerja dan pembangunan fasilitas publik oleh negara,Menghindari pembayaran retribusi daerah karena merasa belum mendapat pekerjaan dari negara,Meminta santunan sosial setiap bulan kepada dinas sosial setempat,Menyalahkan pemerintah setiap kali terjadi pemutusan hubungan kerja (PHK) di perusahaan swasta,0,5,0,0,0,"Hak dan kewajiban warga negara harus seimbang. Hak mendapat penghidupan layak berjalan lurus dengan kewajiban berpartisipasi dalam ekonomi negara, salah satunya adalah patuh membayar pajak untuk pembiayaan pembangunan.",Pilar Negara
13,TWK,"Bhinneka Tunggal Ika bukan sekadar semboyan, melainkan prinsip dalam pengambilan kebijakan. Jika sebuah instansi pemerintah membuka lowongan CPNS, penerapan prinsip Bhinneka Tunggal Ika yang tepat adalah...",Memprioritaskan pelamar yang memiliki kesamaan suku dengan kepala instansi tersebut,Menerapkan sistem kuota agar semua agama memiliki jumlah pegawai yang sama persis di instansi tersebut,"Membuka kesempatan yang sama (inklusif) bagi seluruh WNI yang memenuhi syarat kompetensi, tanpa membedakan ras, suku, agama, dan golongan",Hanya menerima pelamar dari wilayah Indonesia bagian timur sebagai bentuk afirmasi mutlak,Menutup pendaftaran bagi pelamar yang memiliki dialek daerah yang kental agar terlihat profesional,0,0,5,0,0,"Kebhinnekaan dalam birokrasi diwujudkan melalui sistem merit yang adil, terbuka, dan non-diskriminatif (inklusif). Seseorang diterima berdasarkan kompetensinya, tanpa dihalangi oleh latar belakang SARA.",Pilar Negara
14,TWK,Bentuk negara Kesatuan Republik Indonesia (NKRI) seringkali digugat oleh kelompok yang menginginkan bentuk negara serikat (federalisme). Keunggulan bentuk Negara Kesatuan bagi bangsa Indonesia yang majemuk dibandingkan negara serikat adalah...,Negara kesatuan memberikan kekuasaan mutlak bagi presiden untuk mengatur seluruh kekayaan alam,"Negara kesatuan lebih menjamin integrasi nasional, mencegah sentimen kedaerahan yang ekstrem, serta memudahkan pemerataan pembangunan antarwilayah",Negara kesatuan memungkinkan setiap provinsi untuk memiliki undang-undang dasar dan angkatan bersenjata sendiri,Negara serikat terlalu memakan biaya untuk operasional pemerintahan pusat,Negara kesatuan didukung secara penuh oleh negara-negara bekas penjajah,0,5,0,0,0,"Bagi Indonesia yang sangat majemuk, bentuk federal (serikat) berisiko memicu perpecahan/separatisme karena kuatnya loyalitas pada negara bagian. Negara Kesatuan (NKRI) diyakini paling solid untuk menjaga integrasi nasional dari Sabang sampai Merauke.",Pilar Negara
15,TWK,"Anda bekerja sebagai staf pelayanan izin mendirikan bangunan (IMB). Seorang kerabat jauh mendatangi meja Anda dan menyelipkan amplop berisi uang agar izin usahanya bisa keluar hari itu juga, padahal dokumennya belum lengkap. Sikap integritas Anda yang paling tepat adalah...","Menerima amplop tersebut karena ia adalah kerabat, namun tetap memprosesnya sesuai waktu standar",Menolak secara tegas dengan nada marah karena merasa dilecehkan sebagai aparatur negara,"Menolak amplop tersebut dengan sopan, mengembalikannya, lalu membimbing kerabat Anda melengkapi dokumen sesuai prosedur hukum yang berlaku",Menerima amplop tersebut dan menyumbangkannya ke masjid karena niat Anda bukan untuk memperkaya diri,Mengambil berkasnya dan meninggalkannya begitu saja tanpa memberikan penjelasan,0,0,5,0,0,Integritas berarti menolak gratifikasi/suap dalam kondisi apa pun (termasuk dari kerabat). Penolakan dilakukan secara sopan dan tetap melayani kewajiban profesi (membimbing melengkapi berkas sesuai prosedur).,Integritas
16,TWK,Seorang auditor pemerintah menemukan adanya mark-up (penggelembungan) anggaran proyek pengadaan komputer di dinas pendidikan. Kepala dinas tersebut menawarkan promosi jabatan kepada sang auditor jika ia mau memanipulasi temuan tersebut. Sikap berintegritas yang wajib diambil auditor adalah...,Menerima tawaran promosi demi kelancaran karir di masa depan,Meminta waktu untuk berpikir sambil mencari celah agar tidak ada yang dirugikan,Menolak tawaran tersebut dan tetap melaporkan temuan mark-up sesuai data audit yang sebenarnya secara profesional,Menyetujui manipulasi tersebut asalkan ia diberikan bagian uang dari mark-up anggaran,Melaporkan tawaran promosi tersebut kepada media massa agar kepala dinas langsung dicopot,0,0,5,0,0,Integritas profesi auditor mensyaratkan independensi dan objektivitas. Mengorbankan kebenaran temuan audit demi promosi jabatan adalah pelanggaran etika berat dan tindak pidana korupsi.,Integritas
17,TWK,"Integritas tidak hanya tentang menghindari korupsi uang, tetapi juga korupsi waktu. Seorang PNS sering datang terlambat dan pulang lebih awal untuk mengurus bisnis pribadi *laundry*-nya di rumah. Perilaku ini bertentangan dengan nilai dasar integritas, yaitu...",Keberanian,Kepedulian,Kedisiplinan dan Tanggung Jawab,Keadilan,Kesederhanaan,0,0,5,0,0,Datang tepat waktu dan menggunakan jam kerja untuk melayani publik (bukan bisnis pribadi) adalah penerapan nyata dari nilai Kedisiplinan dan Tanggung Jawab moral sebagai abdi negara.,Integritas
18,TWK,"Pimpinan Anda sering menggunakan fasilitas mobil dinas kantor untuk rekreasi bersama keluarganya ke luar kota setiap akhir pekan. Sebagai bawahan yang mengetahui hal tersebut, tindakan yang mencerminkan integritas institusi adalah...",Meminta izin untuk meminjam mobil dinas tersebut di akhir pekan berikutnya agar adil,"Mengingatkan pimpinan secara sopan bahwa hal tersebut menyalahi aturan, dan jika terus berlanjut berani melaporkannya melalui saluran pengaduan internal (Whistleblowing System)",Mengabadikan momen tersebut dengan kamera dan menyebarkannya di media sosial agar viral,Diam saja karena merasa bukan kapasitas bawahan untuk menegur pimpinan,Menyabotase mesin mobil dinas tersebut agar tidak bisa digunakan di akhir pekan,0,5,0,0,0,Kendaraan dinas dibeli dengan uang rakyat untuk keperluan dinas. Menegur pimpinan secara sopan (bila memungkinkan) atau menggunakan sistem pelaporan resmi (WBS) adalah langkah menjaga integritas organisasi tanpa melanggar etika birokrasi.,Integritas
19,TWK,Anda ditunjuk sebagai bendahara kegiatan yang baru saja selesai dilaksanakan. Terdapat sisa anggaran yang cukup lumayan. Ketua panitia menyarankan agar sisa dana tersebut dibagikan kepada panitia sebagai 'uang lelah'. Tindakan Anda sebagai bendahara yang berintegritas adalah...,Menyetujui saran tersebut karena panitia memang sudah bekerja sangat keras melampaui jam kerja,Mengusulkan agar uang tersebut digunakan untuk makan bersama sebagai bentuk perayaan suksesnya acara,Menolak dengan halus dan menyetorkan kembali seluruh sisa anggaran tersebut ke kas negara/daerah sesuai laporan pertanggungjawaban yang nyata,Membagikan sebagian uang tersebut dan sebagian lagi dikembalikan ke kas negara agar seimbang,Menyimpan uang tersebut di rekening pribadi untuk digunakan pada kegiatan tahun depan,0,0,5,0,0,Sisa anggaran APBN/APBD tidak boleh dibagi-bagikan (gratifikasi/penggelapan). Integritas bendahara menuntut kejujuran dalam penyusunan SPJ (Surat Pertanggungjawaban) dan penyetoran sisa uang kembali ke kas negara.,Integritas
20,TWK,Kesesuaian antara ucapan dan perbuatan adalah indikator utama seseorang memiliki integritas. Contoh paling relevan dari perilaku ini bagi seorang pemimpin di instansi pemerintahan adalah...,"Membuat aturan dilarang menerima bingkisan, lalu ia secara konsisten mengembalikan setiap parsel lebaran yang dikirimkan ke rumahnya","Berpidato tentang pentingnya hidup sederhana, namun datang ke kantor menggunakan mobil sport mewah keluaran terbaru","Menyuruh bawahan untuk datang tepat waktu, sementara dirinya sering datang terlambat dengan alasan rapat di luar","Menerapkan sistem meritokrasi, namun memberikan posisi strategis kepada keponakannya yang baru lulus kuliah","Mewajibkan pegawai untuk berhemat listrik, namun membiarkan AC di ruangannya menyala 24 jam penuh",5,0,0,0,0,Integritas adalah *walk the talk* (menjalankan apa yang diucapkan). Pemimpin yang melarang gratifikasi harus menjadi teladan pertama yang mempraktikkan pengembalian gratifikasi tersebut.,Integritas
21,TWK,"Bela negara bukan hanya mengangkat senjata (militer), tetapi juga ancaman nirmiliter di era digital. Seorang ASN bagian humas mendapati situs web pemerintah diretas dan diisi dengan konten judi *online*. Tindakan bela negara yang tepat adalah...",Menyebarkan tautan situs yang diretas tersebut ke grup WhatsApp agar semua orang tahu,Membiarkan saja karena itu adalah tanggung jawab penuh kementerian komunikasi dan informatika,"Berkoordinasi cepat dengan tim IT untuk *take down* (menurunkan) konten tersebut, memulihkan keamanan sistem, dan memberikan rilis klarifikasi kepada publik agar tidak terjadi kepanikan",Mencari *hacker* tersebut secara mandiri dan menantangnya berduel di dunia maya,Menutup total pelayanan publik di instansi tersebut sampai batas waktu yang tidak ditentukan,0,0,5,0,0,"Bela negara dari ancaman siber (cyber threat) dilakukan sesuai porsi/profesi. Staf humas harus memastikan keamanan informasi institusi terjaga, sistem segera diperbaiki oleh ahlinya (IT), dan publik ditenangkan dengan klarifikasi resmi.",Bela Negara
22,TWK,"Seorang guru honorer mengajar di pelosok Papua dengan fasilitas yang sangat terbatas. Ia harus berjalan kaki berkilo-kilometer setiap hari, namun ia pantang menyerah untuk mendidik anak-anak di sana agar bisa membaca dan menulis. Dalam konsepsi ketahanan nasional, sikap guru tersebut merupakan bentuk...",Keterpaksaan karena tidak lulus ujian calon pegawai negeri sipil di kota,Pencarian sensasi agar diundang ke stasiun televisi nasional,Bela negara melalui pengabdian sesuai profesi untuk memajukan kecerdasan bangsa di wilayah perbatasan,Hukuman dari pemerintah karena melakukan pelanggaran disiplin di masa lalu,Tugas wajib militer yang disamarkan dalam bentuk pendidikan,0,0,5,0,0,"Sesuai UU No. 3 Tahun 2002, bela negara warga sipil salah satunya diwujudkan melalui 'pengabdian sesuai dengan profesi'. Profesi guru di wilayah terpencil adalah garda terdepan penjaga kualitas SDM nasional.",Bela Negara
23,TWK,Ancaman terhadap kedaulatan negara saat ini juga mencakup perang ekonomi. Membanjirnya produk tekstil impor ilegal yang dijual dengan harga sangat murah menghancurkan pabrik garmen lokal. Sikap bela negara yang bisa dilakukan masyarakat umum untuk mengatasi hal ini adalah...,Melakukan aksi penjarahan terhadap toko-toko yang menjual pakaian impor,Menuntut pemerintah untuk keluar dari organisasi perdagangan dunia (WTO),Memiliki kesadaran kolektif untuk membeli dan mempromosikan produk tekstil buatan dalam negeri meskipun harganya sedikit lebih mahal,Menyelundupkan barang serupa dari luar negeri agar bisa ikut bersaing mencari keuntungan,Menggunakan pakaian adat setiap hari sebagai pengganti pakaian modern,0,0,5,0,0,"Membela negara dalam sektor ekonomi dapat dilakukan dengan gerakan cinta produk dalam negeri (afirmasi P3DN). Dengan membeli produk lokal, masyarakat membantu industri dalam negeri bertahan dari gempuran barang impor.",Bela Negara
24,TWK,Penyebaran hoaks atau berita bohong di media sosial sering digunakan sebagai alat untuk mengadu domba suku dan agama menjelang pemilihan umum. Tindakan nyata bela negara dari seorang pemuda dalam menghadapi ancaman disinformasi ini adalah...,Memblokir semua media sosial agar tidak perlu membaca berita apa pun,"Sikap kritis dengan melakukan saring sebelum *sharing* (memverifikasi kebenaran informasi), serta aktif melaporkan akun penyebar provokasi SARA",Membalas hoaks tersebut dengan membuat hoaks baru yang menyerang balik pembuatnya,Ikut menyebarkan berita tersebut hanya di kalangan keluarga terdekat saja sebagai bahan obrolan,Mempercayai semua berita yang memiliki banyak tanda *like* dan *share* di platform digital,0,5,0,0,0,Pertahanan nirmiliter di ruang digital. Saring sebelum *sharing* dan literasi digital adalah tameng utama warga negara untuk menjaga stabilitas sosial dan mencegah disintegrasi bangsa akibat hoaks SARA.,Bela Negara
25,TWK,"Pasal 27 ayat (3) UUD 1945 menyebutkan bahwa setiap warga negara berhak dan wajib ikut serta dalam upaya pembelaan negara. Bagi seorang mahasiswa, pengejawantahan kewajiban tersebut yang paling relevan saat ini adalah...",Meninggalkan bangku kuliah untuk bergabung secara sukarela dengan tentara di wilayah konflik timur tengah,"Belajar dengan sungguh-sungguh, berinovasi menciptakan teknologi tepat guna, dan menorehkan prestasi di tingkat internasional untuk mengharumkan nama bangsa",Memaksa universitas untuk mengadakan latihan militer menembak setiap akhir pekan,Sering mengikuti demonstrasi anarkis untuk menunjukkan kepedulian politik,Menghabiskan waktu untuk bermain *game* perang di komputer agar mahir strategi militer,0,5,0,0,0,"Bagi pelajar/mahasiswa, wujud bela negara utama bukanlah mengangkat senjata, melainkan menjadi agen perubahan intelektual yang belajar giat, menjauhi narkoba, dan berprestasi agar bangsa Indonesia maju dan disegani dunia.",Bela Negara
26,TWK,"Kerusakan lingkungan, seperti pembalakan liar dan pembakaran hutan, merupakan ancaman ekologi yang dapat melemahkan ketahanan nasional di bidang ekonomi dan kesehatan. Perwujudan bela negara masyarakat dalam menjaga kelestarian ekologi adalah...",Membantu perusahaan besar membuka lahan dengan cara dibakar karena biayanya lebih murah,Diam saja jika melihat oknum membuang limbah berbahaya ke sungai karena tidak ingin mencari musuh,"Aktif menanam pohon di lingkungan sekitar, mengelola sampah dengan baik, dan berani melaporkan aktivitas perusakan lingkungan kepada aparat penegak hukum",Membangun rumah di daerah resapan air agar memiliki pemandangan alam yang indah,Mengekspor kayu gelondongan hasil hutan secara ilegal untuk mendapatkan devisa tambahan,0,0,5,0,0,Bela negara ekologis. Menjaga kekayaan alam dan lingkungan hidup adalah upaya mempertahankan ruang hidup bangsa (Sishankamrata aspek kewilayahan). Melaporkan kejahatan lingkungan adalah bentuk partisipasi aktif sipil.,Bela Negara
27,TWK,"Berdasarkan Undang-Undang Nomor 24 Tahun 2009, Bahasa Indonesia wajib digunakan dalam dokumen resmi kenegaraan. Selain itu, fungsi Bahasa Indonesia dalam kehidupan sosial budaya masyarakat yang heterogen adalah sebagai...",Bahasa pengantar untuk menggantikan seluruh bahasa daerah secara permanen,Alat pemersatu berbagai suku bangsa yang memiliki latar belakang bahasa daerah yang berbeda-beda agar dapat berkomunikasi secara nasional,Alat untuk menunjukkan kelas sosial masyarakat terpelajar di perkotaan,Bahasa yang hanya boleh digunakan oleh pejabat pemerintah dalam rapat formal,Bahasa utama dalam pergaulan diplomasi tingkat dunia menggeser bahasa Inggris,0,5,0,0,0,Fungsi utama Bahasa Indonesia sebagai bahasa persatuan (Sumpah Pemuda) adalah menjadi *lingua franca* (bahasa perantara) yang menjembatani komunikasi antarsuku di seluruh pelosok nusantara tanpa menghilangkan bahasa daerah.,Bahasa Negara
28,TWK,Kalimat di bawah ini yang paling efektif dan terhindar dari pemborosan kata (pleonasme) adalah...,Para bapak-bapak dan ibu-ibu sekalian dipersilakan untuk memasuki ruangan aula sekarang juga.,Banyak masalah-masalah sosial yang harus segera diselesaikan oleh pemerintah daerah bulan ini.,Adapun tujuan daripada penelitian ini adalah untuk mengetahui tingkat kesejahteraan petani lokal.,Pemerintah terus berupaya meningkatkan kualitas pelayanan kesehatan bagi seluruh masyarakat.,Dia berjalan mundur ke belakang ketika melihat anjing liar itu mendekatinya.,0,0,0,5,0,"Opsi D paling efektif. Kesalahan kalimat lain: A (Para + $bapak-bapak = jamak$ berulang), B (Banyak + $masalah-masalah = jamak$ berulang), C (daripada = tidak tepat untuk kepemilikan), E (mundur pasti ke belakang).",Bahasa Negara
29,TWK,Penggunaan kata baku yang benar sesuai dengan pedoman ejaan Bahasa Indonesia terdapat pada kalimat...,Pasien tersebut diharuskan menebus obat resep dokter di apotik terdekat.,Pemerintah menghimbau warga untuk berhati-hati saat memasuki musim penghujan.,"Berdasarkan hasil analisa tim ahli, bangunan tersebut sudah tidak layak huni.",Manajemen perusahaan sedang memperbaiki sistem absensi karyawan agar lebih efisien.,Kakak sedang mempraktekkan resep kue tradisional yang ia pelajari dari internet.,0,0,0,5,0,"Opsi D benar (sistem). Kesalahan opsi lain: A (apotik -> apotek), B (menghimbau -> mengimbau), C (analisa -> analisis), E (mempraktekkan -> mempraktikkan).",Bahasa Negara
30,TWK,"Di sebuah perusahaan rintisan (*startup*), para pekerjanya sangat sering menggunakan bahasa *slang* Inggris (seperti *which is*, *literally*, *basically*) dalam percakapan sehari-hari maupun rapat resmi. Dampak negatif dari kebiasaan ini terhadap kedudukan Bahasa Indonesia adalah...",Membuat Bahasa Indonesia menjadi bahasa yang modern dan setara dengan bahasa Eropa,"Mengikis kebanggaan dan rasa percaya diri terhadap Bahasa Indonesia, serta mengaburkan identitas nasional bangsa",Mempermudah komunikasi jika suatu saat perusahaan tersebut dibeli oleh investor asing,Menunjukkan bahwa pekerja tersebut memiliki tingkat pendidikan internasional yang tinggi,Tidak ada dampak negatif karena bahasa adalah alat komunikasi yang selalu dinamis,0,5,0,0,0,Fenomena campur kode (keminggris) di ranah formal/sosial mengikis *self-esteem* (kebanggaan) terhadap bahasa nasional. Hal ini dapat menurunkan martabat bahasa Indonesia yang diikrarkan sebagai identitas pemersatu bangsa.,Bahasa Negara
31,TIU,SUTRADARA : FILM : DITONTON = ... : ... : ...,Penyanyi : Lagu : Kaset,Penulis : Buku : Dibaca,Pelukis : Kuas : Dipajang,Koki : Dapur : Dimakan,Arsitek : Gedung : Disewakan,0,5,0,0,0,"Analogi Fungsi dan Proses. Sutradara adalah pembuat karya berupa Film, yang fungsi akhirnya adalah Ditonton. Penulis adalah pembuat karya berupa Buku, yang fungsi akhirnya adalah Dibaca.",Analogi
32,TIU,ABRASI : HEMPASAN OMBAK = ... : ...,Erosi : Reboisasi,Korasi : Tiupan Angin,Vulkanik : Letusan,Gempa : Tsunami,Longsor : Pohon,0,5,0,0,0,Analogi Sebab Akibat (Geografi). Abrasi adalah pengikisan yang disebabkan oleh Hempasan Ombak. Korasi adalah pengikisan batuan yang disebabkan oleh Tiupan Angin.,Analogi
33,TIU,DIAGNOSIS : DOKTER = ... : ...,Vonis : Hakim,Skripsi : Dosen,Buku : Penerbit,Resep : Apoteker,Sidang : Pengacara,5,0,0,0,0,Analogi Produk Profesi. Diagnosis adalah keputusan akhir dari proses pemeriksaan yang dikeluarkan oleh seorang Dokter. Vonis adalah keputusan akhir dari proses persidangan yang dikeluarkan oleh seorang Hakim.,Analogi
34,TIU,Semua peserta diklat CPNS menggunakan kemeja putih. Sebagian peserta diklat CPNS membawa laptop. Kesimpulan yang paling tepat adalah...,Semua peserta diklat CPNS membawa laptop dan berkemeja putih,Sebagian peserta diklat CPNS tidak menggunakan kemeja putih,Semua yang membawa laptop adalah peserta diklat CPNS,Sebagian peserta diklat CPNS berkemeja putih dan membawa laptop,Tidak ada peserta berkemeja putih yang membawa laptop,0,0,0,5,0,"Silogisme Kategoris. P1: Semua peserta = kemeja putih. P2: Sebagian peserta = membawa laptop. Irisannya adalah: Ada sebagian peserta yang memiliki kedua sifat tersebut, yaitu berkemeja putih sekaligus membawa laptop.",Silogisme
35,TIU,"Jika cuaca cerah, maka penerbangan dilanjutkan. Jika penerbangan dilanjutkan, maka penumpang tiba tepat waktu. Saat ini, penumpang tidak tiba tepat waktu. Kesimpulan yang tepat adalah...",Cuaca sedang sangat buruk,Penerbangan tetap dilanjutkan namun tertunda,Cuaca tidak cerah,Penerbangan tidak dilanjutkan karena mesin rusak,Penumpang membatalkan penerbangannya,0,0,5,0,0,"Silogisme berantai dan Modus Tollens. Jika P maka Q, Jika Q maka R. Kesimpulan gabungan: Jika P maka R. Fakta yang terjadi adalah Tidak R (penumpang tidak tiba tepat waktu), maka kesimpulannya pasti Tidak P (cuaca tidak cerah).",Silogisme
36,TIU,Tidak ada mahasiswa yang malas membaca buku. Beberapa pengurus BEM adalah mahasiswa. Kesimpulan yang sah adalah...,Beberapa pengurus BEM rajin membaca buku,Semua pengurus BEM tidak malas membaca buku,Beberapa pengurus BEM bukan mahasiswa,Tidak ada pengurus BEM yang malas membaca buku,Semua mahasiswa adalah pengurus BEM,5,0,0,0,0,Silogisme Kategoris. P1: Semua Mahasiswa = Tidak malas membaca (Rajin). P2: Beberapa pengurus BEM = Mahasiswa. Kesimpulan: Beberapa pengurus BEM (yang berstatus mahasiswa) tersebut tidak malas (rajin) membaca buku.,Silogisme
37,TIU,"Lima orang pasien A, B, C, D, dan E sedang mengantre di apotek. Posisi B berada tepat di depan D. Posisi A berada di urutan paling belakang. Posisi C berada tepat di belakang E. Jika C berada di urutan kedua, siapa yang berada di urutan keempat?",A,B,C,D,E,0,0,0,5,0,"Penalaran Analitis Posisi. A paling belakang (ke-5). C di urutan ke-2. Karena C di belakang E, maka E pasti nomor 1. Susunan sementara: E(1), C(2), X(3), X(4), A(5). Tersisa B dan D, dengan B di depan D. Maka B di nomor 3 dan D di nomor 4. Susunan akhir: E, C, B, D, A. Yang di urutan ke-4 adalah D.",Analitis
38,TIU,"Dalam sebuah kompetisi, nilai Dira lebih tinggi dari Caca namun lebih rendah dari Eka. Nilai Bima lebih tinggi dari Fara namun lebih rendah dari Caca. Siapakah yang memiliki nilai tertinggi kedua?",Bima,Caca,Dira,Eka,Fara,0,0,5,0,0,Penalaran Analitis Perbandingan. Eka > Dira > Caca. Bima > Fara dan Caca > Bima. Digabung menjadi: Eka > Dira > Caca > Bima > Fara. Maka nilai tertinggi kedua adalah Dira.,Analitis
39,TIU,"Terdapat tumpukan buku: Matematika at paling atas. Biologi berada tepat di bawah Matematika. Kimia berada di atas Fisika, dan Fisika berada di atas Biologi. Buku apakah yang berada di tumpukan kedua dari atas?",Matematika,Biologi,Kimia,Fisika,Sastra,0,5,0,0,0,"Analitis Urutan. Dari petunjuk: Matematika berada paling atas. Biologi berada tepat di bawah Matematika. Kimia berada di atas Fisika dan Fisika di atas Biologi. Susunan dari atas: Mat(1), Bio(2), Fisika(3), Kimia(4). Buku kedua dari atas adalah Biologi. Jawaban: B.",Analitis
40,TIU,"Jadwal penerbangan dari Jakarta ke 5 kota (P, Q, R, S, T) diatur berurutan. Pesawat ke kota S terbang setelah kota P dan sebelum kota Q. Pesawat ke kota T terbang pertama kali. Penerbangan ke kota R dilakukan tepat sebelum kota P. Penerbangan ke kota manakah yang berada di urutan ketiga?",Kota P,Kota Q,Kota R,Kota S,Kota T,5,0,0,0,0,"Penalaran Analitis Urutan. T terbang pertama (1). P, S, Q berurutan (P > S > Q). R tepat sebelum P (R > P). Digabungkan: T > R > P > S > Q. Urutan 1(T), 2(R), 3(P), 4(S), 5(Q). Urutan ketiga adalah penerbangan ke kota P.",Analitis
41,TIU,"Hasil dari $3/8$ x 40% + 0,15 adalah...","0,20","0,25","0,30","0,35","0,40",0,0,5,0,0,"Operasi Berhitung Campuran. $$3/8$$ x 40% = $$3/8$$ x $40/100$ = $120/800$ = $15/100$ = 0,15. Kemudian 0,15 + 0,15 = 0,30.",Berhitung
42,TIU,Berapakah hasil dari $$25^2$$ - $$15^2$$ ?,200,300,400,500,600,0,0,5,0,0,Berhitung. Gunakan rumus selisih kuadrat: $$25^2$$ - $$15^2$$ = (25+15)(25-15) = 40 x 10 = 400. Jawaban: C.,Berhitung
43,TIU,Nilai dari akar pangkat dua dari (144 + 25) ditambah dengan $$3^3$$ adalah...,36,40,42,45,50,0,5,0,0,0,Operasi Akar dan Pangkat. $144 + 25 = 169$. Akar dari 169 adalah 13. Kemudian $$3^3$$ = 27. Maka $13 + 27 = 40$. Jawaban B.,Berhitung
44,TIU,"Jika $x = 4$ dan $y = -2$, berapakah nilai dari $x^2$ + 2xy + $y^2$ ?",4,8,12,16,20,5,0,0,0,0,Aljabar. Persamaan $x^2$ + 2xy + $y^2$ sama dengan (x + y)^2. Masukkan angka: (4 + (-2))^2 = (2)^2 = 4. Jawaban A.,Berhitung
45,TIU,"Perhatikan deret berikut: 4, 6, 10, 16, 24, ... Angka selanjutnya adalah...",30,32,34,36,38,0,0,5,0,0,"Pola Deret Aritmatika Bertingkat. Selisih antar angka adalah: +2, +4, +6, +8. Maka selisih selanjutnya adalah +10. Angka berikutnya: $24 + 10 = 34$. Jawaban C.",Deret Angka
46,TIU,"Tentukan angka selanjutnya dari deret berikut: 5, 10, 8, 16, 14, ...",24,26,28,30,32,0,0,5,0,0,"Deret Angka: Pola x2, -2. 14 x 2 = 28. Jawaban C.",Deret Angka
47,TIU,"Tentukan angka selanjutnya dari deret: 100, 95, 85, 70, 50, ...",20,25,30,35,40,0,5,0,0,0,"Pola Deret Turun Bertingkat. Selisih pengurangan: -5, -10, -15, -20. Maka pengurangan selanjutnya adalah -25. Angka berikutnya: $50 - 25 = 25$. Jawaban B.",Deret Angka
48,TIU,"Deret huruf: A, C, F, J, O, ... Huruf selanjutnya adalah...",S,T,U,V,W,0,0,5,0,0,"Pola Deret Huruf Loncatan. A ke C (lewat 1 huruf: B), C ke F (lewat 2 huruf: D, E), F ke J (lewat 3 huruf: G, H, I), J ke O (lewat 4 huruf). Maka O ditambah loncat 5 huruf (P, Q, R, S, T) jatuh pada huruf U. Jawaban C.",Deret Angka
49,TIU,"Diketahui X = $3/4$ dari 80, dan Y = $2/3$ dari 90. Maka hubungan yang benar adalah...",X > Y,X < Y,X = Y,X = Y + 10,Tidak dapat ditentukan,0,0,5,0,0,"Perbandingan Kuantitatif Pecahan. Nilai X = ($3/4$) x 80 = 60. Nilai Y = ($2/3$) x 90 = 60. Karena 60 = 60, maka X = Y. Jawaban C.",Perbandingan Kuantitatif
50,TIU,"Jika harga 3 buah kemeja adalah Rp150.000 dan harga 4 buah celana adalah Rp240.000. Jika X adalah harga 1 kemeja dan Y adalah harga 1 celana, maka...",X > Y,X < Y,X = Y,X + $Y = 100$.000,Hubungan tidak dapat ditentukan,0,5,0,0,0,"Perbandingan Kuantitatif Harga. X (1 kemeja) = 150.$000 / 3 = Rp50$.000. Y (1 celana) = 240.$000 / 4 = Rp60$.000. Maka X (50.000) lebih kecil dari Y (60.000), atau X < Y. Jawaban B.",Perbandingan Kuantitatif
51,TIU,Diketahui X = luas persegi dengan panjang sisi 6 cm. Y = luas persegi panjang dengan panjang 9 cm dan lebar 4 cm. Hubungan X dan Y adalah...,X > Y,X < Y,X = Y,X + $Y = 70$,Hubungan tidak dapat ditentukan,0,0,5,0,0,Perbandingan Kuantitatif Geometri Dasar. Luas X (Persegi) = 6 x 6 = 36 cm2. Luas Y (Persegi Panjang) = 9 x 4 = 36 cm2. Maka X = Y. Jawaban C.,Perbandingan Kuantitatif
52,TIU,"Pekerja A dapat menyelesaikan pengecatan dalam 6 hari. Pekerja B dapat menyelesaikan dalam 12 hari. Jika X adalah waktu mereka berdua menyelesaikannya secara bersama-sama, dan $Y = 5$ hari. Maka...",X > Y,X < Y,X = Y,X - $Y = 1$,Hubungan tidak dapat ditentukan,0,5,0,0,0,"Kecepatan Kerja. Kecepatan A = $$1/6$$ per hari, B = $1/12$ per hari. Bersama-sama = $$1/6$$ + $1/12$ = $2/12$ + $1/12$ = $3/12$ = $1/4$ bagian per hari. Maka waktu selesai bersama (X) = 4 hari. Karena $Y = 5$, maka X < Y. Jawaban B.",Perbandingan Kuantitatif
53,TIU,"Budi berangkat dari kota A ke kota B dengan kecepatan 40 km/jam pada pukul 08.00. Pada rute yang sama, Doni berangkat dari kota B ke kota A dengan kecepatan 60 km/jam pada waktu yang sama. Jika jarak kedua kota adalah 200 km, pukul berapa mereka akan berpapasan?",09.30,10.00,10.30,11.00,11.30,0,5,0,0,0,Soal Cerita Kecepatan Berpapasan (Waktu Sama). Waktu papasan = Jarak Total / (Kecepatan 1 + Kecepatan 2) = 200 / (40 + 60) = $200 / 100 = 2$ jam. Waktu bertemu = 08.00 + 2 jam = Pukul 10.00. Jawaban B.,Soal Cerita
54,TIU,"Seorang pedagang membeli sepeda seharga Rp500.000. Setelah diperbaiki dengan biaya Rp50.000, ia menjualnya dan mendapatkan keuntungan 20% dari total modal yang dikeluarkan. Berapakah harga jual sepeda tersebut?",Rp600.000,Rp620.000,Rp640.000,Rp660.000,Rp680.000,0,0,0,5,0,Soal Cerita Aritmatika Sosial. Total Modal = Harga Beli + Biaya Perbaikan = 500.000 + 50.000 = Rp550.000. Keuntungan 20% dari modal = $20/100$ x 550.000 = Rp110.000. Harga Jual = $Modal + Untung = 550$.000 + 110.000 = Rp660.000. Jawaban D.,Soal Cerita
55,TIU,"Rata-rata nilai ujian matematika dari 4 orang siswa adalah 75. Setelah nilai Dodi dimasukkan, rata-rata nilai menjadi 78. Berapakah nilai ujian matematika Dodi?",85,87,90,92,95,0,0,5,0,0,Soal Cerita Rata-rata Gabungan. Total nilai awal = 4 x 75 = 300. Total nilai baru (5 orang) = 5 x 78 = 390. Nilai Dodi = Total Baru - Total Awal = $390 - 300 = 90$. Jawaban C.,Soal Cerita
56,TIU,Umur Andi saat ini adalah 3 kali umur Budi. Selisih umur mereka berdua adalah 10 tahun. Berapakah umur Andi 5 tahun yang akan datang?,15 tahun,20 tahun,25 tahun,30 tahun,35 tahun,0,5,0,0,0,Soal Cerita Persamaan Linier Umur. A = 3B. $A - B = 10$. Substitusi: $3B - B = 10$ -> 2B = 10 -> B = 5 tahun. Umur Andi sekarang (A) = 3 x 5 = 15 tahun. Umur Andi 5 tahun lagi = $15 + 5 = 20$ tahun. Jawaban B.,Soal Cerita
57,TIU,![Problem](https://kthjlyrqhryhryhryhry.supabase.co/storage/v1/object/public/exam-assets/latihan4/l4_q57_problem.png) Manakah gambar yang paling tepat untuk melengkapi pola di atas?,![A](https://kthjlyrqhryhryhryhry.supabase.co/storage/v1/object/public/exam-assets/latihan4/l4_q57_opt_A.png),![B](https://kthjlyrqhryhryhryhry.supabase.co/storage/v1/object/public/exam-assets/latihan4/l4_q57_opt_B.png),![C](https://kthjlyrqhryhryhryhry.supabase.co/storage/v1/object/public/exam-assets/latihan4/l4_q57_opt_C.png),![D](https://kthjlyrqhryhryhryhry.supabase.co/storage/v1/object/public/exam-assets/latihan4/l4_q57_opt_D.png),![E](https://kthjlyrqhryhryhryhry.supabase.co/storage/v1/object/public/exam-assets/latihan4/l4_q57_opt_E.png),5,0,0,0,0,Analogi Rotasi Objek 2D. Pola dari A ke B adalah memutar bangun sejauh 90 derajat sehingga orientasinya berubah dari vertikal menjadi horizontal. Maka Elips vertikal jika diputar 90 derajat menjadi Elips horizontal. Jawaban C.,Analogi Gambar
58,TIU,![Problem](https://kthjlyrqhryhryhryhry.supabase.co/storage/v1/object/public/exam-assets/latihan4/l4_q58_problem.png) Manakah gambar yang paling tepat untuk melengkapi pola di atas?,![A](https://kthjlyrqhryhryhryhry.supabase.co/storage/v1/object/public/exam-assets/latihan4/l4_q58_opt_A.png),![B](https://kthjlyrqhryhryhryhry.supabase.co/storage/v1/object/public/exam-assets/latihan4/l4_q58_opt_B.png),![C](https://kthjlyrqhryhryhryhry.supabase.co/storage/v1/object/public/exam-assets/latihan4/l4_q58_opt_C.png),![D](https://kthjlyrqhryhryhryhry.supabase.co/storage/v1/object/public/exam-assets/latihan4/l4_q58_opt_D.png),![E](https://kthjlyrqhryhryhryhry.supabase.co/storage/v1/object/public/exam-assets/latihan4/l4_q58_opt_E.png),0,0,0,5,0,"Analogi Inversi Visual. Polanya adalah bangun yang ada di dalam dan di luar saling bertukar tempat (inversi posisi), sekaligus warnanya saling bertukar kebalikannya. Maka persegi putih di dalam segilima hitam menjadi segilima putih di dalam persegi hitam. Jawaban B.",Analogi Gambar
59,TIU,![Problem](https://kthjlyrqhryhryhryhry.supabase.co/storage/v1/object/public/exam-assets/latihan4/l4_q59_problem.png) Manakah gambar yang paling tepat untuk melengkapi pola di atas?,![A](https://kthjlyrqhryhryhryhry.supabase.co/storage/v1/object/public/exam-assets/latihan4/l4_q59_opt_A.png),![B](https://kthjlyrqhryhryhryhry.supabase.co/storage/v1/object/public/exam-assets/latihan4/l4_q59_opt_B.png),![C](https://kthjlyrqhryhryhryhry.supabase.co/storage/v1/object/public/exam-assets/latihan4/l4_q59_opt_C.png),![D](https://kthjlyrqhryhryhryhry.supabase.co/storage/v1/object/public/exam-assets/latihan4/l4_q59_opt_D.png),![E](https://kthjlyrqhryhryhryhry.supabase.co/storage/v1/object/public/exam-assets/latihan4/l4_q59_opt_E.png),0,0,5,0,0,"Analogi Geometri (Pengurangan Sisi). Pola dari A ke B adalah jumlah sisi berkurang satu (6 menjadi 5). Maka dari C ke D, bangun segiempat (4 sisi) berkurang satu sisinya menjadi Segitiga (3 sisi). Jawaban A.",Analogi Gambar
60,TIU,![Problem](https://kthjlyrqhryhryhryhry.supabase.co/storage/v1/object/public/exam-assets/latihan4/l4_q60_problem.png) Manakah gambar yang paling tepat untuk melengkapi pola di atas?,![A](https://kthjlyrqhryhryhryhry.supabase.co/storage/v1/object/public/exam-assets/latihan4/l4_q60_opt_A.png),![B](https://kthjlyrqhryhryhryhry.supabase.co/storage/v1/object/public/exam-assets/latihan4/l4_q60_opt_B.png),![C](https://kthjlyrqhryhryhryhry.supabase.co/storage/v1/object/public/exam-assets/latihan4/l4_q60_opt_C.png),![D](https://kthjlyrqhryhryhryhry.supabase.co/storage/v1/object/public/exam-assets/latihan4/l4_q60_opt_D.png),![E](https://kthjlyrqhryhryhryhry.supabase.co/storage/v1/object/public/exam-assets/latihan4/l4_q60_opt_E.png),0,5,0,0,0,"Klasifikasi Bangun Datar. Persegi, persegi panjang, segitiga sama sisi, dan belah ketupat dapat dilipat menjadi dua bagian yang saling menutupi persis (memiliki simetri lipat). Jajar genjang tidak memiliki sumbu simetri lipat. Jawaban E.",Ketidaksamaan Gambar
61,TIU,![Problem](https://kthjlyrqhryhryhryhry.supabase.co/storage/v1/object/public/exam-assets/latihan4/l4_q61_problem.png) Manakah gambar yang paling tepat untuk melengkapi pola di atas?,![A](https://kthjlyrqhryhryhryhry.supabase.co/storage/v1/object/public/exam-assets/latihan4/l4_q61_opt_A.png),![B](https://kthjlyrqhryhryhryhry.supabase.co/storage/v1/object/public/exam-assets/latihan4/l4_q61_opt_B.png),![C](https://kthjlyrqhryhryhryhry.supabase.co/storage/v1/object/public/exam-assets/latihan4/l4_q61_opt_C.png),![D](https://kthjlyrqhryhryhryhry.supabase.co/storage/v1/object/public/exam-assets/latihan4/l4_q61_opt_D.png),![E](https://kthjlyrqhryhryhryhry.supabase.co/storage/v1/object/public/exam-assets/latihan4/l4_q61_opt_E.png),0,5,0,0,0,"Klasifikasi Kurva/Batas. Gambar A, B, C, dan D merupakan bangun datar berbentuk poligon atau kurva TERTUTUP (memiliki luas dalam). Sedangkan parabola terbuka (E) adalah garis lengkung atau kurva TERBUKA yang tidak membatasi sebuah area. Jawaban E.",Ketidaksamaan Gambar
62,TIU,![Problem](https://kthjlyrqhryhryhryhry.supabase.co/storage/v1/object/public/exam-assets/latihan4/l4_q62_problem.png) Manakah gambar yang paling tepat untuk melengkapi pola di atas?,![A](https://kthjlyrqhryhryhryhry.supabase.co/storage/v1/object/public/exam-assets/latihan4/l4_q62_opt_A.png),![B](https://kthjlyrqhryhryhryhry.supabase.co/storage/v1/object/public/exam-assets/latihan4/l4_q62_opt_B.png),![C](https://kthjlyrqhryhryhryhry.supabase.co/storage/v1/object/public/exam-assets/latihan4/l4_q62_opt_C.png),![D](https://kthjlyrqhryhryhryhry.supabase.co/storage/v1/object/public/exam-assets/latihan4/l4_q62_opt_D.png),![E](https://kthjlyrqhryhryhryhry.supabase.co/storage/v1/object/public/exam-assets/latihan4/l4_q62_opt_E.png),0,0,0,0,5,"Pola Aritmatika Gambar. Kotak A, B, C, dan D berisi jumlah titik hitam bernilai genap. Kotak E adalah satu-satunya yang berisi jumlah titik hitam ganjil (9 titik). Jawaban E.",Ketidaksamaan Gambar
63,TIU,![Problem](https://kthjlyrqhryhryhryhry.supabase.co/storage/v1/object/public/exam-assets/latihan4/l4_q63_problem.png) Manakah gambar yang paling tepat untuk melengkapi pola di atas?,![A](https://kthjlyrqhryhryhryhry.supabase.co/storage/v1/object/public/exam-assets/latihan4/l4_q63_opt_A.png),![B](https://kthjlyrqhryhryhryhry.supabase.co/storage/v1/object/public/exam-assets/latihan4/l4_q63_opt_B.png),![C](https://kthjlyrqhryhryhryhry.supabase.co/storage/v1/object/public/exam-assets/latihan4/l4_q63_opt_C.png),![D](https://kthjlyrqhryhryhryhry.supabase.co/storage/v1/object/public/exam-assets/latihan4/l4_q63_opt_D.png),![E](https://kthjlyrqhryhryhryhry.supabase.co/storage/v1/object/public/exam-assets/latihan4/l4_q63_opt_E.png),0,0,0,0,5,"Serial Rotasi Visual. Anak panah berputar searah jarum jam sebesar 45 derajat (satu sudut mata angin) pada setiap langkahnya. Setelah arah Tenggara, rotasi 45 derajat berikutnya adalah arah Selatan. Jawaban A.",Serial Gambar
64,TIU,![Problem](https://kthjlyrqhryhryhryhry.supabase.co/storage/v1/object/public/exam-assets/latihan4/l4_q64_problem.png) Manakah gambar yang paling tepat untuk melengkapi pola di atas?,![A](https://kthjlyrqhryhryhryhry.supabase.co/storage/v1/object/public/exam-assets/latihan4/l4_q64_opt_A.png),![B](https://kthjlyrqhryhryhryhry.supabase.co/storage/v1/object/public/exam-assets/latihan4/l4_q64_opt_B.png),![C](https://kthjlyrqhryhryhryhry.supabase.co/storage/v1/object/public/exam-assets/latihan4/l4_q64_opt_C.png),![D](https://kthjlyrqhryhryhryhry.supabase.co/storage/v1/object/public/exam-assets/latihan4/l4_q64_opt_D.png),![E](https://kthjlyrqhryhryhryhry.supabase.co/storage/v1/object/public/exam-assets/latihan4/l4_q64_opt_E.png),0,0,0,5,0,"Serial Penambahan Elemen Konsekutif. Jumlah garis bertambah satu setiap gambar: G1 (1 garis), G2 (2 garis), G3 (3 garis), G4 (4 garis), maka Gambar ke-5 akan memiliki 5 garis. Bangun datar yang dibentuk oleh 5 garis beraturan adalah Segilima (Pentagon). Jawaban B.",Serial Gambar
65,TIU,![Problem](https://kthjlyrqhryhryhryhry.supabase.co/storage/v1/object/public/exam-assets/latihan4/l4_q65_problem.png) Manakah gambar yang paling tepat untuk melengkapi pola di atas?,![A](https://kthjlyrqhryhryhryhry.supabase.co/storage/v1/object/public/exam-assets/latihan4/l4_q65_opt_A.png),![B](https://kthjlyrqhryhryhryhry.supabase.co/storage/v1/object/public/exam-assets/latihan4/l4_q65_opt_B.png),![C](https://kthjlyrqhryhryhryhry.supabase.co/storage/v1/object/public/exam-assets/latihan4/l4_q65_opt_C.png),![D](https://kthjlyrqhryhryhryhry.supabase.co/storage/v1/object/public/exam-assets/latihan4/l4_q65_opt_D.png),![E](https://kthjlyrqhryhryhryhry.supabase.co/storage/v1/object/public/exam-assets/latihan4/l4_q65_opt_E.png),5,0,0,0,0,"Serial Siklikal (Berulang). Arsiran bergerak searah jarum jam sejauh 1 kuadran per langkah (Kanan Atas -> Kanan Bawah -> Kiri Bawah -> Kiri Atas). Ini adalah siklus 4 tahap. Gambar ke-7: 7 dibagi 4 bersisa 3. Maka posisi Gambar ke-7 sama dengan posisi Gambar ke-3, yaitu Kiri Bawah. Jawaban: D.",Serial Gambar
66,TKP,"Saat Anda bertugas di loket, seorang warga datang marah-marah karena merasa proses pelayanannya terlalu lama dan berbelit-belit. Antrean di belakangnya masih panjang. Sikap Anda...",Meminta warga tersebut diam karena mengganggu antrean lain,Mengabaikannya dan tetap bekerja seperti biasa agar cepat selesai,"Meminta maaf atas ketidaknyamanan, mendengarkan keluhannya sebentar, menjelaskan prosedur yang sedang berjalan, dan mempercepat prosesnya jika memungkinkan",Meminta petugas keamanan untuk menenangkan warga tersebut di luar loket,Menjelaskan dengan nada tinggi bahwa prosedur memang seperti itu dari pusat,4,3,5,2,1,"Pelayanan Publik. Respons terbaik menghadapi komplain adalah mengendalikan emosi, meminta maaf (empati), memberi penjelasan (edukasi SOP), dan memberi solusi (mempercepat proses).",Pelayanan Publik
67,TKP,Seorang ibu lansia yang tidak bisa membaca dan menulis datang ke instansi Anda untuk mengurus bantuan sosial. Ia kebingungan mengisi formulir pendaftaran. Sikap Anda...,Menyuruhnya mencari anggota keluarga untuk membantunya mengisi formulir,Memberikan contoh formulir yang sudah diisi agar ia bisa menirunya,Memintanya menunggu petugas khusus yang menangani lansia jika ada,"Secara proaktif menghampirinya, menanyakan keperluannya, dan membantunya mengisikan formulir berdasarkan data dari KTP-nya",Meminta warga lain yang sedang antre untuk membantunya,4,3,2,5,1,Pelayanan Publik. Sikap 'jemput bola' dan empati terhadap kaum rentan (lansia/difabel). Membantu mengisikan formulir adalah wujud nyata pelayanan prima.,Pelayanan Publik
68,TKP,"Waktu istirahat siang telah tiba. Saat Anda bersiap untuk makan, seorang warga dari luar kota datang memohon untuk segera dilayani karena ia harus segera mengejar jadwal kereta api untuk pulang. Sikap Anda...",Menyuruhnya datang lagi setelah jam istirahat selesai sesuai SOP,Menerima berkasnya namun baru akan dikerjakan setelah jam istirahat,Menolak dengan halus dan menyarankannya untuk tidak bepergian dengan terburu-buru,Meluangkan waktu istirahat Anda sejenak untuk melayaninya hingga selesai agar ia tidak ketinggalan kereta,Meminta rekan kerja yang belum makan untuk melayaninya,4,3,2,5,1,"Pelayanan Publik. Meskipun SOP mengatur jam istirahat, ASN dituntut memiliki empati dan fleksibilitas dalam kondisi mendesak/darurat (warga luar kota/mengejar jadwal).",Pelayanan Publik
69,TKP,"Anda melihat fasilitas jalur kursi roda (ramp) di pintu masuk kantor rusak dan membahayakan warga difabel. Sebagai staf administrasi biasa, yang Anda lakukan adalah...",Membiarkannya karena itu adalah urusan bagian sarana dan prasarana,Menulis keluhan di grup WhatsApp kantor agar dibaca oleh pimpinan,"Segera melaporkan kerusakan tersebut kepada bagian sarana/prasarana, serta berinisiatif membantu warga difabel yang kesulitan lewat saat itu",Memasang papan peringatan di dekat jalur tersebut,Menyarankan warga difabel untuk tidak datang ke kantor sementara waktu,4,3,5,2,1,"Pelayanan Publik. Proaktif mengatasi masalah yang berkaitan dengan kenyamanan dan keselamatan publik, serta tetap memberikan bantuan langsung (*first response*).",Pelayanan Publik
70,TKP,Seorang warga bertanya kepada Anda mengenai prosedur perizinan yang sebenarnya merupakan wewenang dari instansi lain (bukan instansi tempat Anda bekerja). Sikap Anda...,Menyatakan tidak tahu dan menyuruhnya mencari informasi sendiri di internet,Mengarahkan warga tersebut untuk bertanya ke bagian informasi,"Mendengarkan pertanyaannya, menjelaskan bahwa itu bukan wewenang instansi Anda, dan dengan ramah memberitahukan alamat atau kontak instansi yang tepat",Membantunya mengurus perizinan tersebut meskipun bukan wewenang Anda,Mengabaikannya karena Anda sedang sibuk dengan pekerjaan Anda sendiri,4,3,5,2,1,"Pelayanan Publik. ASN harus *hospitality-oriented*. Meski bukan wewenangnya, memberikan arahan informasi yang tepat adalah bentuk pelayanan dasar yang baik.",Pelayanan Publik
71,TKP,Ada warga yang menuliskan kritik pedas dan kata-kata kurang pantas di kotak saran kantor mengenai kinerja Anda secara spesifik. Atasan memanggil Anda untuk mengklarifikasi hal tersebut. Sikap Anda...,Membela diri dengan keras dan menuduh warga tersebut memiliki sentimen pribadi,"Menerima kritik tersebut dengan lapang dada, mengevaluasi diri, dan berkomitmen untuk memperbaiki kinerja pelayanan ke depannya",Mencari tahu siapa warga yang menulis saran tersebut untuk meminta penjelasan,Meminta atasan untuk mengabaikan saran tersebut karena menggunakan kata-kata kasar,Merasa sedih dan mogok kerja selama beberapa hari,4,5,3,2,1,"Pelayanan Publik & Profesionalisme. Menerima kritik (*feedback*) sebagai bahan evaluasi dan perbaikan diri (growth mindset), terlepas dari cara penyampaian kritik tersebut.",Pelayanan Publik
72,TKP,"Anda ditempatkan di bagian *front office*. Hari ini, rekan kerja yang bertugas di bagian *back office* (pengolahan data) tidak masuk, sehingga data menumpuk dan pelayanan di depan menjadi ikut terhambat. Langkah Anda...",Hanya fokus pada pekerjaan *front office* dan membiarkan warga menunggu,Menutup sementara layanan *front office* untuk mengerjakan data di belakang,"Tetap melayani di *front office* sambil sesekali mencicil pekerjaan *back office* jika antrean sedang sepi, dan berkoordinasi dengan atasan untuk mencari solusi tenaga pengganti",Mengeluh kepada warga bahwa rekan Anda tidak masuk kerja,Meminta warga untuk ikut membantu menyortir data mereka sendiri,4,3,5,2,1,Pelayanan Publik & Jejaring Kerja. Mampu melakukan *multitasking* dalam kondisi darurat dan tetap mengedepankan koordinasi dengan atasan untuk solusi sistemik.,Pelayanan Publik
73,TKP,Sistem pendaftaran antrean di kantor Anda masih manual. Warga sering berebut nomor antrean di pagi hari. Anda ditugaskan untuk mengatasi masalah ini. Solusi Anda...,Meminta bantuan polisi untuk menertibkan warga setiap pagi,Membiarkan saja karena warga pada akhirnya akan tertib sendiri,Mengusulkan pembuatan sistem antrean digital/elektronik kepada pimpinan agar lebih tertib dan adil,Memarahi warga yang berebut dan tidak mau mengantre dengan rapi,Membuka loket lebih siang agar warga lelah menunggu dan tidak berebut,4,3,5,2,1,Pelayanan Publik & TIK. Memberikan solusi inovatif berkelanjutan (*continuous improvement*) dengan memanfaatkan teknologi untuk mengatasi masalah antrean konvensional.,Pelayanan Publik
74,TKP,"Anda ditempatkan dalam sebuah tim proyek yang anggota-anggotanya belum Anda kenal sama sekali, dan mereka tampak sudah memiliki kelompok pertemanan (klik) masing-masing. Sikap Anda...",Menunggu mereka untuk menyapa dan mengajak Anda bergabung,Hanya berbicara dengan mereka jika ada urusan pekerjaan yang mendesak,"Secara proaktif memperkenalkan diri dengan ramah, mencoba membaur saat istirahat, dan menawarkan bantuan dalam pekerjaan tim",Meminta atasan untuk memindahkan Anda ke tim yang berisi teman-teman lama,Menyendiri di meja kerja dan tidak mempedulikan dinamika kelompok,4,3,5,2,1,"Jejaring Kerja. Membangun hubungan (*networking*) membutuhkan inisiatif dan sikap proaktif, terutama di lingkungan yang baru.",Jejaring Kerja
75,TKP,"Rekan satu tim Anda sedang jatuh sakit dan dirawat di rumah sakit. Padahal, tugas tim Anda memiliki *deadline* besok pagi dan bagian tugas rekan Anda tersebut belum selesai. Tindakan Anda...",Melaporkan kepada atasan bahwa target tidak tercapai karena ada anggota yang sakit,Mengerjakan bagian Anda saja dan membiarkan bagian rekan tersebut kosong,Berkoordinasi dengan anggota tim lain untuk membagi rata dan mengambil alih tugas rekan yang sakit agar target tim tetap tercapai tepat waktu,Menghubungi rekan yang sakit dan memaksanya menyelesaikan tugas dari rumah sakit,Meminta perpanjangan waktu *deadline* kepada atasan,4,3,5,2,1,"Jejaring Kerja. Menunjukkan kolaborasi dan solidaritas tim (*team spirit*). Kesuksesan tim adalah tanggung jawab bersama, sehingga perlu mem-*backup* anggota yang berhalangan *force majeure*.",Jejaring Kerja
76,TKP,"Dalam rapat penentuan vendor kegiatan, Anda berbeda pendapat dengan rekan dari divisi lain. Anda merasa vendor A lebih murah, sementara ia merasa vendor B lebih berkualitas. Rapat mulai berjalan alot. Sikap Anda...",Memaksakan pendapat Anda karena menghemat anggaran adalah prioritas,Mengalah sepenuhnya agar rapat cepat selesai dan tidak berdebat panjang,Mengajak rekan tersebut membedah perbandingan (*cost-benefit analysis*) secara objektif untuk mencari jalan tengah atau *win-win solution*,Meninggalkan ruang rapat karena merasa pendapat Anda tidak dihargai,Meminta atasan untuk langsung menunjuk vendor pilihannya saja,4,3,5,2,1,Jejaring Kerja. Mengelola konflik kepentingan dalam tim dengan kepala dingin dan menggunakan data (*objektif*) untuk mencari *win-win solution*.,Jejaring Kerja
77,TKP,"Rekan kerja di sebelah meja Anda memiliki kebiasaan sering mengeluh tentang beban kerjanya setiap hari, sehingga hal tersebut mulai mengganggu konsentrasi kerja Anda. Sikap Anda...",Meminta atasan untuk memindahkan meja rekan tersebut,Ikut mengeluh agar ia merasa memiliki teman senasib,"Mendengarkannya sebentar, memberinya motivasi, lalu dengan sopan mengajaknya kembali fokus pada penyelesaian tugas",Menegurnya dengan keras agar ia diam dan tidak mengganggu,Memakai *headphone* dan mengabaikannya sepenuhnya,4,3,5,2,1,"Jejaring Kerja. Menjaga hubungan baik namun tetap asertif menjaga profesionalitas. Memberi motivasi adalah empati, mengajak fokus kerja adalah profesionalisme.",Jejaring Kerja
78,TKP,"Instansi Anda akan berkolaborasi dengan instansi lain yang dikenal memiliki budaya kerja sangat birokratis dan kaku. Sebagai perwakilan (Liaison Officer) dari kantor Anda, strategi Anda adalah...",Menghindari interaksi yang terlalu sering agar tidak tertular budaya kerja mereka,Mengikuti saja ritme kerja mereka meskipun proyek menjadi sangat lambat,"Membangun komunikasi personal yang baik secara informal terlebih dahulu, lalu menyepakati *timeline* kerja yang jelas dan saling menguntungkan",Memaksakan budaya kerja kantor Anda yang lebih cepat kepada mereka,Melaporkan ketidakefisienan mereka kepada walikota/pimpinan daerah,4,3,5,2,1,Jejaring Kerja. Kolaborasi antar-instansi (*cross-functional*) membutuhkan keahlian diplomasi. Komunikasi informal di awal dapat mencairkan kekakuan birokrasi.,Jejaring Kerja
79,TKP,"Atasan Anda mengusulkan sebuah ide program kampanye publik. Menurut analisis Anda, ide tersebut kurang efektif dan berpotensi menghabiskan anggaran tanpa hasil maksimal. Sikap Anda dalam rapat...",Diam saja dan menyetujui ide tersebut karena ia adalah atasan Anda,Menolak ide tersebut secara langsung di depan forum agar terlihat kritis,"Menyampaikan apresiasi atas idenya, lalu dengan sopan memaparkan data analisis Anda serta memberikan alternatif program yang lebih efektif",Membicarakan keburukan ide atasan tersebut dengan rekan sejawat di belakangnya,Menjalankan ide tersebut setengah hati agar atasan tahu bahwa idenya gagal,4,3,5,2,1,Jejaring Kerja & Profesionalisme. Mengemukakan pendapat kepada atasan harus dilakukan dengan etika kesopanan (apresiasi) dan argumentasi yang berbasis data.,Jejaring Kerja
80,TKP,Anda mendapat anggota tim baru yang terkenal sebagai 'kutu loncat' atau *freerider* (sering mengandalkan kerja orang lain). Anda ditunjuk sebagai ketua tim dalam proyek penting ini. Langkah Anda...,Membiarkannya dan mengerjakan bagiannya sendiri agar proyek aman,Melaporkannya ke HRD agar segera dikeluarkan dari tim,"Mengajaknya bicara empat mata, memberikan tanggung jawab tugas yang spesifik, menetapkan batas waktu harian, dan memantau progresnya secara berkala",Menyuruh anggota tim lain untuk mengawasi setiap gerak-geriknya,Mengerjainya dengan memberikan tugas fiktif yang tidak penting,4,3,5,2,1,"Jejaring Kerja (Kepemimpinan). Pemimpin yang baik tidak langsung menyingkirkan anggota bermasalah, melainkan melakukan pembinaan dan manajemen tugas yang ketat (*micromanagement* di awal) agar ia berkontribusi.",Jejaring Kerja
81,TKP,"Atasan Anda berhalangan hadir dalam sebuah rapat penting dengan instansi kementerian, dan mendelegasikan Anda untuk mewakilinya. Anda belum terlalu menguasai materi secara mendalam. Sikap Anda...",Menolak penugasan tersebut karena takut melakukan kesalahan,"Hadir dalam rapat, mencatat semua poin penting, berpartisipasi sesuai kapasitas pengetahuan Anda, dan melaporkan hasilnya kepada atasan untuk arahan lebih lanjut",Hadir dan diam saja selama rapat berlangsung tanpa memberikan pendapat apa pun,Berbicara panjang lebar meskipun di luar konteks agar terlihat pintar di depan orang kementerian,Menyuruh rekan kerja lain yang lebih pintar untuk menggantikan Anda,4,5,3,2,1,"Jejaring Kerja & Profesionalisme. Kepercayaan atasan harus dijaga. Menghadiri rapat, menjadi pendengar/pencatat yang baik, dan memberikan kontribusi yang terukur tanpa *overstepping* adalah sikap profesional.",Jejaring Kerja
82,TKP,Anda seorang ASN yang baru dimutasi ke daerah pelosok. Masyarakat di sana memiliki dialek bahasa daerah yang sangat kental sehingga Anda sering kesulitan memahami maksud mereka. Langkah Anda...,Hanya bergaul dengan sesama ASN pendatang saja agar komunikasinya mudah,Meminta warga untuk selalu berbicara bahasa Indonesia baku jika berhadapan dengan Anda,"Belajar bahasa dan dialek daerah setempat secara bertahap, dan meminta bantuan rekan kerja lokal untuk menjadi penerjemah sementara jika menemui kendala",Memaksa diri langsung berbicara bahasa daerah mereka meskipun sering salah ucap,Menggunakan bahasa isyarat setiap kali melayani masyarakat setempat,4,3,5,2,1,"Sosial Budaya. Kemampuan adaptasi bahasa adalah kunci asimilasi sosial. Belajar bertahap menunjukkan penghargaan terhadap budaya lokal, dibantu kolaborasi rekan kerja lokal.",Sosial Budaya
83,TKP,Tetangga baru Anda di kompleks perumahan berasal dari suku yang berbeda dan mengadakan acara syukuran adat yang cukup meriah dan sedikit bising di malam hari. Anda diundang ke acara tersebut. Sikap Anda...,Menolak hadir dan melaporkannya ke ketua RT karena mengganggu jam istirahat,Menutup pintu rapat-rapat dan mengabaikan undangan tersebut,"Hadir sebentar untuk menghargai undangan mereka, memberikan ucapan selamat, dan mencoba mengenal kebudayaan mereka",Datang ke acara tersebut lalu meminta mereka mengecilkan volume suaranya,Memarahi mereka karena tidak menghargai tetangga yang ingin tidur,4,3,5,2,1,Sosial Budaya. Toleransi dan hidup bertetangga yang baik. Menghadiri undangan adalah wujud penghargaan terhadap keragaman budaya (Bhinneka Tunggal Ika).,Sosial Budaya
84,TKP,"Seorang rekan kerja sering membawa bekal makanan khas daerahnya yang memiliki aroma sangat menyengat dan memakannya di *pantry* kantor. Beberapa rekan lain mulai mengeluh terganggu. Sebagai teman dekatnya, Anda akan...",Menjauhinya dan ikut menggunjingkannya bersama rekan lain,Membuang makanannya diam-diam saat ia sedang ke toilet,"Berbicara empat mata secara santai, menghargai selera kulinernya, namun dengan sopan memberitahukan bahwa aromanya sedikit mengganggu kenyamanan bersama di ruang tertutup",Menegurnya dengan keras di depan rekan-rekan lain agar ia kapok,Mengusulkan kepada atasan untuk melarang pegawai membawa makanan dari rumah,4,3,5,2,1,"Sosial Budaya & Jejaring Kerja. Mengedepankan komunikasi asertif yang personal. Menghargai keragaman kuliner, namun juga menjaga etika ruang publik (kenyamanan bersama).",Sosial Budaya
85,TKP,Kantor Anda mengadakan acara *gathering* tahunan. Panitia mewajibkan seluruh pegawai mengenakan pakaian adat nusantara (bebas dari daerah mana saja). Anda tidak memiliki pakaian adat. Solusi Anda...,Memutuskan untuk tidak hadir dalam acara *gathering* tersebut,Datang menggunakan pakaian kerja biasa karena merasa aturan tersebut memberatkan,"Menyewa atau meminjam pakaian adat dari teman/persewaan, dan hadir dengan bangga untuk memeriahkan apresiasi keragaman budaya tersebut",Membeli pakaian adat yang paling mahal agar menjadi pusat perhatian,Protes kepada panitia dan meminta agar *dresscode* diubah menjadi pakaian kasual,4,3,5,2,1,Sosial Budaya. Partisipasi aktif dalam kegiatan apresiasi budaya menunjukkan sikap terbuka dan dukungan terhadap nilai kebhinekaan di instansi.,Sosial Budaya
86,TKP,Anda ditugaskan di unit pelayanan yang mayoritas pelanggannya adalah masyarakat dari kelompok agama minoritas di daerah Anda. Anda sering mendapati mereka meminta waktu istirahat khusus untuk ibadah mereka di jam sibuk pelayanan. Sikap Anda...,Menolak permintaan tersebut karena tidak sesuai dengan aturan jam istirahat nasional,Membiarkan mereka beribadah namun Anda juga menghentikan pelayanan sebagai bentuk protes,Berkonsultasi dengan atasan untuk mengatur sistem *shift* pelayanan yang fleksibel agar hak ibadah mereka terpenuhi tanpa menghentikan pelayanan publik,Memarahi mereka karena dianggap mengganggu kelancaran operasional kantor,Meminta mereka mengganti agama agar lebih mudah dilayani,4,3,5,2,1,Sosial Budaya & Pelayanan Publik. Mengakomodasi kebutuhan keberagaman ibadah melalui manajemen *shift* yang adaptif adalah bentuk pelayanan publik yang inklusif dan toleran.,Sosial Budaya
87,TKP,"Saat Anda memberikan penyuluhan di sebuah desa, Anda tanpa sengaja melanggar salah satu pantangan adat setempat (karena ketidaktahuan Anda). Kepala suku tampak tersinggung. Reaksi Anda...",Berdebat dengan kepala suku dan mengatakan bahwa pantangan tersebut tidak masuk akal,Segera menghentikan penyuluhan dan pergi dari desa tersebut karena takut,"Segera menghampiri kepala suku, meminta maaf dengan tulus atas ketidaktahuan Anda, dan memohon arahan mengenai adat istiadat setempat agar tidak terulang",Mengabaikannya karena Anda adalah aparat negara yang memiliki kekebalan hukum,Membayar sejumlah uang agar kepala suku tersebut diam,4,3,5,2,1,Sosial Budaya. Kelapangan dada mengakui kesalahan dan menghormati *local wisdom* (kearifan lokal). Minta maaf secara tulus akan meredam konflik sosiologis.,Sosial Budaya
88,TKP,Beberapa rekan kerja sedang asyik membuat lelucon (*jokes*) yang mendiskreditkan dan menggunakan stereotip negatif terhadap suku tertentu di ruang istirahat. Anda berada di sana. Sikap Anda...,Ikut tertawa dan menambahkan lelucon agar suasana semakin akrab,Merekam percakapan mereka untuk dilaporkan ke pimpinan,"Tersenyum formal, lalu dengan bijak mengalihkan topik pembicaraan atau mengingatkan dengan sopan bahwa lelucon SARA berpotensi menyakiti perasaan orang lain",Menangis dan meninggalkan ruangan karena merasa empati pada suku tersebut,Marah besar dan memukul meja untuk menghentikan lelucon mereka,4,3,5,2,1,Sosial Budaya & Anti-radikalisme. Mencegah normalisasi *micro-aggression* SARA. Mengingatkan dengan asertif atau mengalihkan pembicaraan menunjukkan kedewasaan bersosialisasi.,Sosial Budaya
89,TKP,Seorang tetangga merayakan hari raya keagamaannya dan mengirimkan bingkisan makanan ke rumah Anda. Anda ragu apakah makanan tersebut diproses secara halal/sesuai dengan keyakinan agama Anda. Sikap Anda...,Menolak bingkisan tersebut di depan pintu dengan alasan haram,"Menerima dengan senyum dan ucapan terima kasih untuk menghargai niat baiknya, lalu jika memang tidak bisa dikonsumsi, Anda memberikannya kepada orang lain yang bisa memakannya",Membuang makanan tersebut ke tempat sampah tepat di depan rumahnya,Menerima makanan tersebut dan memaksa diri memakannya untuk membuktikan toleransi,Mengirim balik makanan tersebut dengan catatan panjang tentang hukum agama Anda,4,5,3,2,1,Sosial Budaya. Toleransi sejati. Menerima pemberian adalah bentuk penghormatan sosial (menjaga silaturahmi). Perkara konsumsi adalah prinsip pribadi yang bisa dikelola tanpa harus melukai perasaan pemberi.,Sosial Budaya
90,TKP,Instansi Anda baru saja beralih dari pengarsipan kertas ke sistem *database cloud* terpusat. Anda sudah terbiasa dan merasa nyaman dengan cara lama. Sikap Anda menghadapi perubahan ini...,Menolak menggunakan sistem baru dan tetap mencetak semua dokumen,Meminta staf magang untuk meng-input data Anda ke sistem baru,Belajar menggunakan sistem *cloud* tersebut secara mandiri atau mengikuti pelatihannya dengan antusias agar pekerjaan lebih efisien,Menggunakan sistem baru tersebut namun selalu mengeluh setiap hari,Mencari kelemahan sistem baru untuk membuktikan bahwa cara lama lebih baik,4,3,5,2,1,TIK. Kesiapan dan adaptabilitas terhadap transformasi digital. *Growth mindset* dalam mempelajari teknologi baru untuk efisiensi kerja.,TIK
91,TKP,"Pimpinan meminta Anda menyusun laporan evaluasi akhir tahun dalam format infografis dan presentasi multimedia, padahal biasanya laporan hanya berupa teks *Word*. Anda belum mahir membuat infografis. Tindakan Anda...",Meminta pimpinan untuk mengubah permintaannya kembali ke format teks biasa,Mengundurkan diri dari tugas penyusunan laporan tersebut,"Mencari *template* gratis di internet, belajar kilat dari tutorial *YouTube*, dan menyusun laporan tersebut semaksimal mungkin sesuai arahan pimpinan",Membayar jasa desainer lepas (freelancer) menggunakan uang pribadi Anda,Menyusun laporan dalam format *Word* dan berharap pimpinan memakluminya,4,3,5,2,1,TIK & Profesionalisme. Tuntutan kompetensi digital ASN semakin tinggi. Kemauan belajar mandiri (*self-learning*) secara cepat untuk memenuhi ekspektasi pimpinan adalah sikap Bintang 5.,TIK
92,TKP,"Anda menerima email dari alamat yang tidak dikenal, berisi tautan (*link*) yang mengklaim bahwa Anda memenangkan undian dari kementerian. Tindakan Anda...",Segera mengeklik tautan tersebut dan mengisi data pribadi Anda karena tergiur,Meneruskan (forward) email tersebut ke seluruh rekan kantor agar mereka juga bisa ikut undian,"Mengabaikan, langsung menghapus email tersebut karena sadar itu adalah upaya *phishing/penipuan*, dan memperingatkan rekan kerja jika ada email serupa",Membalas email tersebut untuk menanyakan kebenaran undiannya,Mengeklik tautan tersebut menggunakan komputer kantor karena merasa aman,4,3,5,2,1,TIK. Kesadaran keamanan informasi (*cyber security awareness*). Mengabaikan tautan mencurigakan (*phishing*) dan mengedukasi rekan kerja untuk mitigasi ancaman siber.,TIK
93,TKP,"Anda sedang mengikuti *Focus Group Discussion* (FGD) secara *online* dari rumah (WFH). Tiba-tiba, koneksi *Wi-Fi* di rumah Anda mati total karena pemadaman listrik. Padahal Anda sedang memberikan paparan. Solusi cepat Anda...",Menunggu listrik menyala kembali dan berharap rapat belum selesai,Meninggalkan rapat begitu saja dan tidur,"Segera beralih menggunakan koneksi paket data seluler (*tethering hotspot*) dari ponsel Anda, masuk kembali ke ruang *meeting online*, dan melanjutkan paparan",Menghubungi panitia via SMS untuk meminta maaf dan meminta jadwal ulang minggu depan,Marah-marah kepada PLN di media sosial atas pemadaman tersebut,4,3,5,2,1,TIK & Profesionalisme. Mitigasi darurat (resiliensi TIK). Menggunakan alternatif koneksi darurat untuk memastikan tugas kedinasan tetap berjalan lancar.,TIK
94,TKP,"Saat Anda akan presentasi di depan masyarakat desa mengenai program penyuluhan, proyektor LCD di balai desa tersebut rusak dan tidak bisa digunakan. Solusi Anda...",Membatalkan penyuluhan dan meminta warga pulang,"Melakukan presentasi secara lisan tanpa alat bantu visual, menggunakan contoh-contoh nyata atau papan tulis jika ada, agar pesan tetap tersampaikan",Menunggu teknisi dari kota datang untuk memperbaiki proyektor tersebut berjam-jam,Menyalahkan kepala desa karena tidak menyiapkan alat dengan baik,Membaca teks dari laptop Anda sendiri tanpa mempedulikan apakah warga mengerti atau tidak,4,5,3,2,1,TIK & Pelayanan Publik. Ketergantungan pada teknologi tidak boleh menghentikan pelayanan/penyuluhan. Mampu beradaptasi dengan metode konvensional (*problem solving*) di lapangan.,TIK
95,TKP,Sebuah kebijakan instansi Anda mendapat respons negatif di media sosial. Banyak warga yang salah paham dan memberikan komentar kasar di akun Instagram resmi instansi tempat Anda menjadi admin. Sikap Anda...,Membalas komentar kasar tersebut dengan argumen yang sama kasarnya untuk membela instansi,Menonaktifkan kolom komentar agar akun instansi terlihat bersih,"Menyusun balasan klarifikasi yang sopan, informatif, dan melampirkan *link* dokumen kebijakan aslinya agar masyarakat mendapat informasi yang benar",Menghapus semua komentar negatif satu per satu tanpa memberikan penjelasan,Membiarkan saja karena media sosial memang selalu dipenuhi orang marah,4,3,5,2,1,TIK & Pelayanan Publik. Mengelola keluhan digital dengan *Public Relations* (Humas) yang elegan. Memberikan literasi informasi melalui klarifikasi sopan berbasis data.,TIK
96,TKP,"Anda menyadari bahwa proses pencarian arsip fisik di kantor Anda sangat memakan waktu. Anda memiliki ide untuk membuat sistem *database* sederhana menggunakan *Excel/Google Sheets*, namun atasan tidak pernah memintanya. Inisiatif Anda...",Menyimpan ide tersebut untuk diri sendiri agar tidak menambah beban kerja,Memaksa semua orang di kantor untuk langsung menggunakan sistem *Excel* buatan Anda,"Membuat draf *database* tersebut di waktu luang, mencobanya untuk arsip Anda sendiri, lalu mempresentasikannya kepada atasan sebagai usulan inovasi",Menulis surat keluhan ke kotak saran bahwa sistem arsip kantor sangat buruk,Membicarakan keburukan sistem arsip dengan staf instansi lain,4,3,5,2,1,TIK & Profesionalisme. Menunjukkan jiwa inisiatif inovasi berkelanjutan (*continuous improvement*). Memvalidasi ide dengan draf dan mempresentasikannya kepada atasan.,TIK
97,TKP,"Anda mendapati seorang staf junior menggunakan fasilitas internet kantor dengan *bandwidth* besar untuk mengunduh film dan bermain *game online* saat jam kerja, sehingga koneksi kantor menjadi lambat. Sikap Anda...",Ikut-ikutan mengunduh film karena internet sedang gratis,"Menegurnya secara langsung dan persuasif agar menggunakan fasilitas IT kantor sesuai dengan peruntukannya (pekerjaan), serta mengingatkan dampaknya pada rekan lain",Melaporkannya langsung ke Direktur Utama agar ia dipecat hari itu juga,Diam saja karena tidak ingin merusak hubungan pertemanan di kantor,Mencabut kabel LAN komputernya tanpa bicara,4,5,3,2,1,TIK & Profesionalisme. Etika penggunaan fasilitas negara (*IT Acceptable Use Policy*). Peneguran rekan secara asertif (*peer-correction*) untuk menjaga fasilitas kantor beroperasi maksimal.,TIK
98,TKP,"Menjelang jam pulang kantor di hari Jumat, atasan Anda tiba-tiba memberikan tugas tambahan yang cukup banyak. Anda sudah memiliki janji penting dengan keluarga. Sikap profesional Anda...",Menolak dengan marah karena jam kerja sudah hampir habis,Mengerjakannya dengan asal-asalan agar cepat selesai dan bisa segera pulang,"Berkomunikasi dengan atasan untuk menanyakan tingkat urgensi tugas tersebut. Jika sangat urgen, Anda akan menunda janji keluarga; jika bisa ditunggu, Anda meminta izin menyelesaikannya pada Senin pagi",Meninggalkan tugas tersebut di meja dan langsung pulang tanpa berpamitan pada atasan,Menyuruh *office boy* untuk mengerjakannya,4,3,5,2,1,"Profesionalisme. Manajemen prioritas dan komunikasi asertif. Menanyakan urgensi tugas menunjukkan tanggung jawab, sekaligus mengelola ekspektasi waktu kerja dan kehidupan personal (*work-life balance*).",Profesionalisme
99,TKP,"Anda melihat seorang rekan senior sering 'titip absen' kepada satpam atau junior, lalu datang terlambat berjam-jam. Hal ini menjadi rahasia umum di kantor. Sikap Anda...",Mencontoh perilakunya karena ia adalah senior yang berpengalaman,"Mengingatkannya secara personal dan sopan tentang aturan kedisiplinan dan keberkahan kerja. Jika terus berlanjut, Anda melaporkan pelanggaran tersebut ke sistem pelaporan internal",Membiarkannya karena tidak ingin ikut campur urusan orang lain,Meneriaki kesalahannya di depan semua pegawai saat apel pagi,Memerasnya dengan meminta uang tutup mulut,4,5,3,2,1,Profesionalisme (Integritas). Disiplin waktu adalah nilai dasar ASN. *Peer-warning* yang sopan diikuti dengan eskalasi prosedur *Whistleblowing* adalah langkah menegakkan integritas tanpa anarki.,Profesionalisme
100,TKP,"Dalam penyusunan laporan keuangan tahunan, Anda melakukan kesalahan *typo* (salah ketik) nominal yang membuat neraca tidak seimbang. Kesalahan tersebut sudah terlanjur dicetak. Sikap Anda...",Mencoba menutupi kesalahan tersebut dengan spidol putih (tipe-x) secara diam-diam,Menyalahkan mesin *printer* atau perangkat lunak komputer atas kesalahan tersebut,"Segera melaporkan kesalahan tersebut kepada atasan, mengakui kelalaian Anda, dan langsung menyusun ulang/mencetak dokumen perbaikannya",Diam saja dan berharap tidak ada auditor yang menyadarinya,Mengundurkan diri dari tim keuangan karena merasa tidak kompeten,4,3,5,2,1,Profesionalisme (Akuntabilitas). Berani mengakui kesalahan dengan cepat (*fast fail*) dan bertanggung jawab menyajikan solusi perbaikan seketika.,Profesionalisme
101,TKP,"Anda bekerja di bagian perizinan. Seorang pengusaha datang mengurus izin dan meninggalkan sebuah parsel mahal di meja Anda sebagai 'tanda terima kasih', padahal izinnya belum diproses. Sikap Anda...",Menerima parsel tersebut dan menyimpannya di bawah meja agar tidak terlihat CCTV,Menerima parsel tersebut dengan syarat izinnya tetap diproses sesuai antrean normal tanpa keistimewaan,"Menolak dengan halus, mengembalikan parsel tersebut, dan menjelaskan bahwa ASN dilarang menerima gratifikasi dalam bentuk apa pun",Menerima parsel tersebut lalu menjualnya untuk tambahan uang makan,Mengambil isi parsel tersebut dan membuang keranjangnya,4,3,5,2,1,Profesionalisme (Integritas). ASN (pelayan publik) dilarang menerima gratifikasi. Menolak dengan halus dan mengedukasi masyarakat adalah prinsip *zero tolerance* terhadap korupsi.,Profesionalisme
102,TKP,"Beban kerja di unit Anda sedang sangat tinggi. Anda memiliki tiga tugas penting: A (Sangat urgen, dampak besar), B (Kurang urgen, tugas rutin), C (Urgen, instruksi langsung atasan terkait rapat hari ini). Strategi penyelesaian Anda...",Mengerjakan tugas yang paling mudah (B) terlebih dahulu agar terlihat ada progres,Mengerjakan semuanya secara bersamaan (*multitasking*) meskipun hasilnya berantakan,"Menyusun skala prioritas: Mengerjakan C (rapat hari ini) dan A secara berurutan, lalu menyelesaikan B jika ada waktu tersisa atau mendelegasikan B jika memungkinkan",Menunda semua tugas karena merasa tertekan (stres),Meminta cuti sakit untuk menghindari tumpukan pekerjaan,4,3,5,2,1,Profesionalisme. Manajemen waktu dan prioritas (*Eisenhower Matrix*). Mengutamakan tugas urgen yang berdampak langsung (C dan A) menunjukkan efisiensi kerja yang terarah.,Profesionalisme
103,TKP,"Pimpinan instansi sedang dinas ke luar negeri. Tiba-tiba terjadi masalah operasional yang membutuhkan keputusan cepat. Sesuai SOP, hanya pimpinan yang berhak memutuskan. Langkah Anda...",Mengambil keputusan sendiri secara sepihak meskipun melanggar SOP,Membiarkan masalah tersebut berlarut-larut sampai pimpinan pulang,"Mencoba menghubungi pimpinan melalui telepon/email darurat. Jika benar-benar tidak bisa dihubungi, Anda berkonsultasi dengan wakil pimpinan atau mengambil langkah mitigasi awal yang paling aman sesuai SOP",Menyuruh instansi lain yang menangani masalah tersebut,Meliburkan operasional kantor pada hari itu,4,3,5,2,1,"Profesionalisme. Keberanian mengambil risiko yang terukur (*calculated risk*). Menghubungi pimpinan terlebih dahulu, lalu mengambil langkah mitigasi darurat sesuai batas kewenangan jika mendesak.",Profesionalisme
104,TKP,Kantor menugaskan Anda mengikuti bimbingan teknis (Bimtek) selama 3 hari. Ternyata materi Bimtek tersebut sangat membosankan dan Anda merasa sudah menguasainya. Sikap Anda selama acara...,Sering bolos di jam materi untuk berjalan-jalan di *mall* sekitar hotel,Duduk di barisan paling belakang dan bermain *game* di ponsel seharian,"Tetap mengikuti Bimtek dengan disiplin, menghargai pemateri, dan mencoba berjejaring (networking) dengan peserta dari instansi lain untuk bertukar informasi",Memprotes panitia secara terbuka agar materi segera diakhiri,Tidur di dalam ruang kelas karena merasa bosan,4,3,5,2,1,"Profesionalisme. Penugasan dinas (Bimtek) adalah amanat negara. ASN harus menjunjung tinggi disiplin dan etika pembelajaran, serta memaksimalkan nilai tambah kegiatan (berjejaring).",Profesionalisme
105,TKP,"Anda sedang mengalami gejala flu ringan, namun pekerjaan di kantor sedang sangat menumpuk dan membutuhkan kehadiran Anda. Sikap Anda...",Mengambil cuti sakit berhari-hari dan membiarkan pekerjaan terbengkalai,Memaksa masuk kerja seperti biasa tanpa protokol kesehatan dan sering bersin di depan rekan kerja,"Masuk kerja dengan menggunakan masker, menjaga jarak, segera menyelesaikan tugas-tugas yang paling mendesak (urgen), lalu meminta izin pulang lebih awal untuk beristirahat",Menyuruh rekan kerja membelikan obat dan Anda tidur di meja kerja seharian,"Masuk kerja hanya untuk melakukan presensi (*fingerprint*), lalu diam-diam pulang ke rumah",4,3,5,2,1,Profesionalisme. Tanggung jawab terhadap pekerjaan diseimbangkan dengan kepedulian pada kesehatan diri & rekan kerja. Mitigasi tugas urgen lalu istirahat adalah kompromi profesional.,Profesionalisme
106,TKP,"Seorang tetangga mengajak Anda menghadiri kelompok kajian keagamaan eksklusif. Dalam kajian tersebut, penceramah sering memprovokasi jemaah untuk membenci pemerintah dan menolak sistem demokrasi Pancasila. Sikap Anda...",Ikut terpengaruh dan mulai membenci pemerintah,Mengangguk setuju agar tetangga Anda tidak tersinggung,"Menolak halus ajakan kajian berikutnya, membentengi keluarga dengan pemahaman agama yang moderat, dan jika provokasinya mengarah pada aksi anarkis/makar, melaporkannya ke aparat berwenang (RT/RW/Polisi)",Menantang penceramah tersebut berdebat di tengah-tengah kajian,Memusuhi tetangga Anda dan melarang warga lain berbicara dengannya,4,3,5,2,1,"Anti-radikalisme. Deteksi dini intoleransi. Membentengi diri sendiri/keluarga, menolak ikut serta, dan eskalasi laporan secara hierarkis jika ada indikasi pergerakan anti-NKRI/makar.",Anti-radikalisme
107,TKP,Anda menemukan setumpuk pamflet gelap di toilet kantor yang berisi ajakan untuk mendiskreditkan kelompok agama minoritas dan mendukung aksi intoleransi. Tindakan Anda...,Membiarkan pamflet tersebut tergeletak di sana karena bukan urusan Anda,Membaca pamflet tersebut dan membagikannya ke rekan kerja lain karena penasaran,"Segera mengumpulkan dan membuang pamflet tersebut, lalu melaporkan temuan ini kepada atasan atau petugas keamanan kantor agar kewaspadaan ditingkatkan",Menulis tanggapan di pamflet tersebut dan menempelkannya kembali ke dinding,Membahas pamflet tersebut di grup WhatsApp kantor hingga menimbulkan kepanikan,4,3,5,2,1,Anti-radikalisme. Memutus rantai penyebaran paham intoleran di lingkungan kerja. Melaporkan kepada keamanan internal (provost/satpam/atasan) mencegah instansi disusupi paham radikal.,Anti-radikalisme
108,TKP,"Anak Anda yang masih SMP bertanya mengapa ada orang yang tega melakukan bom bunuh diri atas nama agama, seperti yang ia lihat di televisi. Penjelasan Anda sebagai orang tua yang berjiwa nasionalis...",Menjelaskan bahwa tindakan tersebut adalah takdir yang harus terjadi,Menyuruh anak untuk tidak menonton berita dan fokus belajar saja,"Menjelaskan dengan bahasa yang mudah dipahami bahwa tindakan tersebut adalah kejahatan terorisme yang salah dan menyimpang dari ajaran agama mana pun, serta menanamkan nilai kasih sayang dan toleransi",Menyalahkan agama tertentu sebagai sumber kekerasan agar anak menjauhinya,Mengatakan bahwa pelaku bom bunuh diri adalah orang-orang hebat yang berani mati,4,3,5,2,1,Anti-radikalisme. Edukasi literasi moderasi beragama dimulai dari keluarga. Memberi pemahaman bahwa terorisme bertentangan dengan semua agama mencegah anak terpapar radikalisme sejak dini.,Anti-radikalisme
109,TKP,"Dalam upacara bendera Hari Kemerdekaan di kantor, Anda melihat seorang rekan kerja baru (CPNS) sengaja tidak mau hormat kepada bendera merah putih karena keyakinan pribadinya yang menganggap hal tersebut musyrik. Sikap Anda...",Memakinya sebagai pengkhianat bangsa di depan seluruh peserta upacara,Mendiamkan saja karena itu adalah hak asasi keyakinannya,"Setelah upacara, mengajaknya berdialog empat mata dengan pendekatan persuasif, memberikan edukasi bahwa hormat bendera adalah bentuk penghormatan budaya/negara (nasionalisme), bukan ritual penyembahan berhala",Melaporkannya ke polisi agar ia ditangkap dan dipenjara,Ikut-ikutan tidak hormat bendera agar ia merasa memiliki teman,4,3,5,2,1,Anti-radikalisme. Pendekatan persuasif dan edukasi (*wawasan kebangsaan*) di level *peer-to-peer*. Meluruskan doktrin yang salah kaprah (hormat bendera = syirik) dengan pemahaman historis negara tanpa harus mempermalukannya.,Anti-radikalisme
110,TKP,Grup WhatsApp warga RT Anda mendadak ramai oleh *forward* pesan (hoaks) yang memprovokasi warga untuk mengusir pendatang dari etnis tertentu karena dituduh membawa penyakit dan mengambil lapangan kerja. Situasi mulai memanas. Langkah Anda...,Keluar (*left*) dari grup WhatsApp tersebut agar tidak pusing,Ikut memanaskan suasana dengan membagikan berita serupa,"Dengan kepala dingin, Anda membagikan tautan/data klarifikasi dari sumber resmi pemerintah yang menyatakan berita itu hoaks, serta mengingatkan admin grup untuk menjaga ketertiban demi kerukunan warga",Menantang duel siapa saja yang berani mengusir pendatang,Mendatangi rumah penyebar hoaks tersebut dan memukulnya,4,3,5,2,1,"Anti-radikalisme & TIK. *Counter-narrative* (narasi tandingan) yang cepat dan valid. Sebagai ASN, Anda berperan menenangkan warga (*cooling system*) dan mencegah konflik horizontal akibat disinformasi etnosentris.",Anti-radikalisme
