number,segment,sub_category,content,image_url,option_a,option_b,option_c,option_d,option_e,score_a,score_b,score_c,score_d,score_e,discussion,option_image_a,option_image_b,option_image_c,option_image_d,option_image_e
1,TWK,Pilar Negara,,Menyesuaikan dengan sistem parlementer murni yang mulai diadopsi Indonesia pasca reformasi,Mengurangi beban kerja Presiden agar lebih fokus pada kebijakan luar negeri dan keamanan,Menghindari dominasi kekuasaan eksekutif (executive heavy) dan mengembalikan fungsi *checks and balances*,Meningkatkan produktivitas legislasi yang selama Orde Baru dianggap terlalu lambat,Memastikan seluruh anggota dewan mendapatkan jatah proyek legislasi nasional,0,0,5,0,0,Amandemen pertama UUD 1945 menggeser porsi terbesar kekuasaan legislasi dari Presiden (executive heavy) ke DPR. Hal ini merupakan perwujudan prinsip *checks and balances* untuk mencegah otoritarianisme dan mengoptimalkan fungsi kontrol parlemen.,,,,,,
2,TWK,Bela Negara,,"Meningkatkan literasi keamanan digital dasar, menjaga kerahasiaan data pribadi, dan tidak menyebarkan tautan mencurigakan (*phishing*)",Menghentikan seluruh penggunaan teknologi digital dan kembali menggunakan sistem pengarsipan manual,Mempelajari teknik peretasan secara otodidak untuk melakukan serangan balik ke negara pelaku,Menuntut pemerintah untuk segera merekrut *hacker* asing sebagai tentara bayaran siber,Menyebarkan berita peretasan tersebut secara masif di media sosial agar masyarakat waspada,5,0,0,0,0,"Dalam konsep pertahanan nirmiliter, bela negara sipil dilakukan sesuai dengan kapasitas profesi dan kemampuan dasar. Menjaga keamanan data pribadi dan literasi digital adalah bentuk *defense* lapis pertama dari ancaman siber bagi masyarakat umum.",,,,,,
3,TWK,Pilar Negara,,"Merumuskan peraturan daerah (Perda) yang inklusif, berlandaskan hukum positif nasional, dan melindungi hak sipil seluruh penduduk tanpa diskriminasi",Menghapus semua hari libur keagamaan minoritas untuk efisiensi hari kerja pemerintahan,Mewajibkan hukum agama mayoritas diberlakukan bagi seluruh warga demi keteraturan sosial,Membatasi akses pembangunan rumah ibadah bagi agama minoritas demi mencegah konflik horizontal,Mewajibkan minoritas untuk mengadopsi tradisi dan ritual mayoritas sebagai syarat mendapatkan pelayanan administrasi,5,0,0,0,0,"Bhinneka Tunggal Ika menghendaki perlindungan hak bagi semua golongan, bukan tirani mayoritas. Kebijakan publik (Perda) harus selaras dengan konstitusi nasional yang melindungi HAM dan kebebasan beragama, serta berlaku inklusif.",,,,,,
4,TWK,Integritas,,Menyebarkan dokumen pengadaan tersebut ke media massa dan media sosial agar viral dan mendapat atensi,Mundur dari proyek tersebut secara diam-diam dan meminta mutasi ke divisi lain agar terhindar dari hukum,Mengancam pimpinan akan membocorkan hal tersebut kecuali jika ia diberikan bagian dari proyek,Melaporkan secara anonim kepada instansi penegak hukum dan instrumen pengawasan internal (*whistleblowing system*) disertai bukti yang valid,Mengabaikan hal tersebut karena itu adalah tanggung jawab penuh dan risiko pimpinan,0,0,0,5,0,"Integritas mensyaratkan tindakan nyata terhadap pelanggaran hukum. Menggunakan *Whistleblowing System* (WBS) secara resmi disertai bukti adalah cara elegan, sah secara hukum, dan melindungi pelapor dari intervensi atau fitnah langsung.",,,,,,
5,TWK,Pilar Negara,,Menyita seluruh aset perusahaan asing dan membagikannya secara merata kepada masyarakat miskin,Mewajibkan seluruh lulusan universitas untuk menjadi Pegawai Negeri Sipil agar pendapatannya merata,Membiarkan pasar mengatur harga kebutuhan pokok tanpa campur tangan agar terjadi efisiensi alami,Memutus seluruh hubungan perdagangan internasional dan menerapkan sistem ekonomi autarki tertutup,"Memberikan subsidi, perlindungan hukum, dan insentif modal khusus bagi UMKM dan koperasi untuk bersaing",0,0,0,0,5,"Keadilan sosial tidak berarti sama rata secara komunis, dan tidak membiarkan persaingan bebas secara kapitalis murni. Negara harus hadir (intervensi afirmatif) dengan melindungi entitas ekonomi lemah (UMKM/Koperasi) agar terjadi pemerataan ekonomi.",,,,,,
6,TWK,Nasionalisme,,Sumpah Pemuda secara otomatis menghapuskan seluruh bahasa daerah di Nusantara dan menggantinya dengan Bahasa Melayu,Perlawanan berubah menjadi murni diplomasi melalui dewan rakyat (Volksraad) tanpa ada lagi gerakan bawah tanah,Perlawanan fisik di berbagai daerah menjadi lebih terorganisir di bawah satu komando tentara nasional,"Organisasi pergerakan mulai meninggalkan sentimen kedaerahan (Jong Java, Jong Sumatranen Bond) dan bergerak dengan identitas ke-Indonesiaan yang lebih politis",Pemerintah kolonial Belanda langsung memberikan kemerdekaan secara bertahap karena takut akan persatuan pemuda,0,0,0,5,0,"Pasca Sumpah Pemuda, terjadi *shifting* paradigma. Ikatan kedaerahan melebur menjadi nasionalisme politik. Munculnya identitas 'Indonesia' membuat perjuangan lebih solid secara ideologis melawan Belanda, bukan sekadar perlawanan fisik sporadis.",,,,,,
7,TWK,Bahasa Negara,,Penggunaan tanda koma sebelum kata 'namun' yang melanggar ejaan,Ketidakjelasan subjek karena diletakkan di akhir kalimat,Pemborosan kata (pleonasme) pada penggunaan konjungsi dan kata keterangan yang bermakna sama,Pemilihan kata 'bersikeras' yang tidak baku menurut KBBI,Penggunaan kata 'oleh' yang tidak tepat setelah predikat pasif,0,0,5,0,0,"Kalimat tersebut boros (pleonasme). Pertama, penggunaan 'Meskipun...' di awal anak kalimat tidak boleh diikuti konjungsi 'namun' di awal induk kalimat. Kedua, 'masih saja tetap' adalah pemborosan karena memiliki makna yang sama.",,,,,,
8,TWK,Nasionalisme,,Membangun kemandirian nasional yang kuat sekaligus aktif dalam diplomasi perdamaian dunia yang menghargai kedaulatan negara lain,Menutup akses informasi global agar ideologi asing tidak mencemari kemurnian budaya nasional,Melakukan embargo ekonomi kepada seluruh negara yang sedang berkonflik sebagai bentuk protes,Mendukung salah satu blok militer besar di dunia untuk mendapatkan jaminan keamanan nasional,Membuka pintu selebar-lebarnya bagi semua pengungsi asing tanpa proses penyaringan demi kemanusiaan,5,0,0,0,0,"Nasionalisme inklusif (Sila ke-2 dan ke-3) berarti mandiri dan kuat secara internal, namun di ranah eksternal bertindak aktif menjaga perdamaian dunia tanpa memihak secara buta, menghormati hak asasi manusia dan kedaulatan bangsa lain.",,,,,,
9,TWK,Pilar Negara,,Uji materi (Judicial Review) ke Mahkamah Agung (MA),Gugatan warga negara (Citizen Lawsuit) ke Pengadilan Tata Usaha Negara (PTUN),Dekrit Presiden untuk mencabut Peraturan Pemerintah tersebut,Uji materi (Judicial Review) ke Mahkamah Konstitusi (MK),Hak Angket oleh Dewan Perwakilan Rakyat (DPR),5,0,0,0,0,"Sesuai kewenangannya, pengujian peraturan perundang-undangan di bawah Undang-Undang (seperti PP, Perpres, Perda) terhadap Undang-Undang dilakukan oleh Mahkamah Agung (MA). Sedangkan pengujian UU terhadap UUD 1945 dilakukan oleh Mahkamah Konstitusi (MK).",,,,,,
10,TWK,Nasionalisme,,Implementasi otonomi daerah dan desentralisasi fiskal yang transparan dan berkeadilan,Sentralisasi penuh seluruh pendapatan daerah ke kementerian keuangan pusat,Pembentukan negara serikat (federalisme) agar setiap daerah memiliki kedaulatan penuh,Penyeragaman budaya lokal agar memiliki satu identitas tunggal yang sama dengan ibu kota,Penempatan komandan militer sebagai kepala daerah di seluruh provinsi rawan,5,0,0,0,0,"Otonomi daerah dan desentralisasi fiskal (Dana Alokasi Umum/Khusus) di era reformasi dirancang untuk mendistribusikan kewenangan dan kesejahteraan secara adil ke daerah, guna mencegah kecemburuan sosial-ekonomi yang memicu separatisme.",,,,,,
11,TWK,Bela Negara,,Melakukan diplomasi publik dengan memberikan data faktual komprehensif terkait langkah progresif pemerintah Indonesia melalui rilis resmi atau diskusi terbuka,Membalas dengan artikel agresif yang menyerang balik pelanggaran HAM di negara asal media tersebut,Meminta pemerintah pusat untuk memutus hubungan diplomatik dengan negara tempat media itu beroperasi,Menggalang demonstrasi WNI di luar negeri di depan kantor redaksi media tersebut,Diam dan mengabaikan opini tersebut karena merasa media asing tidak memiliki yurisdiksi,5,0,0,0,0,"Diplomat adalah ujung tombak negara. Bela negara di ranah diplomasi dilakukan secara intelektual, taktis, dan proporsional (memberikan data faktual dan hak jawab resmi) untuk menjaga citra positif NKRI tanpa memicu konflik irasional.",,,,,,
12,TWK,Pilar Negara,,Anggota dewan yang hadir sudah mencapai kuorum namun menolak untuk berdiskusi lebih lanjut,Dilakukan sejak awal rapat untuk menghemat waktu dan biaya operasional dewan,Kelompok mayoritas merasa memiliki hak absolut untuk memaksakan kehendak,Pimpinan sidang merasa pendapatnya tidak disetujui oleh kelompok minoritas,Keputusan harus segera diambil dan seluruh upaya musyawarah secara sungguh-sungguh telah gagal mencapai mufakat,0,0,0,0,5,"Dalam demokrasi Pancasila, *voting* (pemungutan suara terbanyak) adalah jalan terakhir (ultimum remedium) yang hanya sah jika musyawarah mufakat yang tulus dan mendalam menemui jalan buntu, sementara keputusan menyangkut hajat hidup orang banyak harus segera diambil.",,,,,,
13,TWK,Bahasa Negara,,Proyek itu membutuhkan tekhnologi canggih dan metode pelaksanaan yang terstruktur.,Tim SAR sedang menganalisa resiko evakuasi korban di area vulkanis tersebut.,Diagnosa dokter menyebutkan bahwa pasien membutuhkan sistem perawatan intensif.,Manajemen perusahaan sedang menyiapkan jadual interview untuk calon karyawan baru.,Praktik manipulasi data tersebut dilakukan secara sistematis oleh sebuah sindikat.,0,0,0,0,5,"C benar (praktik, sistematis, sindikat). Analisis salah A: 'menganalisa' (seharusnya menganalisis), 'resiko' (risiko). B: 'Diagnosa' (diagnosis). D: 'tekhnologi' (teknologi). E: 'jadual' (jadwal), 'interview' (wawancara/interviu).",,,,,,
14,TWK,Integritas,,"Memberikan rekomendasi objektif kepada pimpinan untuk promosi staf bawahan yang kebetulan memiliki almamater universitas yang sama, berdasarkan matriks kinerja terukur yang terbuka",Mengusulkan perusahaan istri sendiri untuk memenangkan tender pengadaan alat tulis kantor di divisinya,Menggunakan kendaraan dinas operasional untuk kegiatan mudik lebaran keluarga,Menerima hadiah pernikahan dari teman masa kecil yang kebetulan berprofesi sebagai kontraktor di instansi tempatnya bekerja,Menerima honorarium sebagai narasumber dari pihak swasta yang sedang dievaluasi perizinannya oleh instansi ASN tersebut,5,0,0,0,0,"Opsi E bukan benturan kepentingan karena keputusan didasarkan pada 'matriks kinerja terukur yang terbuka' dan objektif. Adanya kesamaan almamater adalah kebetulan, selama prosesnya transparan, berbasis data (*merit system*), dan tidak ada manipulasi nilai.",,,,,,
15,TWK,Bela Negara,,Penyusupan budaya asing melalui konser musik K-Pop atau festival film Barat,"Propaganda sistematis via algoritma media sosial yang mendiskreditkan sejarah bangsa, memecah belah polarisasi agama, dan menanamkan sikap *distrust* terhadap negara",Munculnya gaya hidup konsumtif karena gempuran iklan produk elektronik luar negeri,Dominasi restoran cepat saji multinasional yang menggusur kuliner tradisional lokal,Penggunaan bahasa Inggris gaul (*slang*) yang masif di kalangan *gamers* online,0,5,0,0,0,"Propaganda via algoritma (sosmed) yang bertujuan merusak kohesi sosial, memecah belah, dan menghilangkan kepercayaan (*distrust*) warga terhadap negaranya adalah bentuk *brainwashing* dan invasi asimetris yang paling merusak integritas bangsa dari dalam.",,,,,,
16,TWK,Pilar Negara,,Menyamakan standar Hak Asasi Manusia Indonesia dengan deklarasi universal PBB tanpa modifikasi,Memastikan pemerintah memiliki kendali penuh atas kehidupan warga negara,Mengurangi beban negara dalam memfasilitasi kebebasan berekspresi masyarakat di ruang publik,"Menjamin pengakuan serta penghormatan atas hak dan kebebasan orang lain, serta memenuhi tuntutan keadilan sesuai nilai agama dan ketertiban umum",Mencegah masuknya ideologi asing yang bertentangan dengan Pancasila,0,0,0,5,0,"Pembatasan HAM di Indonesia tidak bertujuan otoritarian, melainkan untuk menjaga keseimbangan antara hak individu dengan hak masyarakat luas (orang lain), ketertiban umum, moral, dan nilai-nilai agama (Pancasila Sila ke-1 dan ke-2).",,,,,,
17,TWK,Bela Negara,,Menutup akses internet dan media sosial asing untuk mencegah cuci otak,Melakukan patroli keamanan lingkungan setiap malam di wilayah masing-masing,Mewajibkan seluruh pemuda mengikuti wajib militer selama dua tahun penuh,Mendeklarasikan permusuhan dengan negara-negara yang dicurigai sebagai dalang proxy war,"Memperkuat literasi sejarah, pemahaman ideologi Pancasila, serta kekritisan dalam menyaring informasi digital",0,0,0,0,5,Perang proksi menyerang *mindset* dan ideologi bangsa (non-militer). Pertahanan terbaik adalah literasi informasi yang kritis dan penguatan karakter/ideologi Pancasila agar pemuda tidak mudah diadu domba atau dicuci otaknya.,,,,,,
18,TWK,Integritas,,Takut ada wartawan yang diam-diam memotret penyerahan parsel tersebut,Mengetahui bahwa pengusaha tersebut sedang dalam incaran aparat penegak hukum,Ingin membangun citra politik yang baik menjelang pemilihan umum kepala daerah berikutnya,Memahami bahwa penerimaan tersebut berpotensi menjadi gratifikasi yang dapat memengaruhi objektivitas kebijakan di masa depan,Menolak karena bingkisan tersebut belum tentu sesuai dengan selera pribadinya,0,0,0,5,0,Integritas ASN/Pejabat Negara menuntut pemahaman bahwa pemberian dari pihak yang memiliki hubungan kerja/konflik kepentingan adalah bentuk gratifikasi (akar suap) yang dapat merusak objektivitas dan melanggar hukum.,,,,,,
19,TWK,Nasionalisme,,Mewajibkan penggunaan pakaian adat tertentu pada hari-hari besar nasional bagi seluruh pegawai,Mengadakan festival budaya lokal tahunan menggunakan anggaran pendapatan dan belanja daerah,Menyusun kebijakan afirmatif untuk melindungi masyarakat adat yang terpinggirkan,Membuat program pelestarian bahasa daerah di sekolah-sekolah setempat,"Memprioritaskan promosi jabatan hanya bagi pegawai yang berasal dari suku yang sama dengan kepala daerah, mengabaikan sistem meritokrasi",0,0,0,0,5,"Etnosentrisme adalah sikap menganggap suku/budayanya lebih unggul. Dalam birokrasi, hal ini berwujud nepotisme berbasis suku (primordialisme), yang merusak keadilan, meritokrasi, dan persatuan nasional.",,,,,,
20,TWK,Pilar Negara,,Sebagai lembaga yang khusus bertugas merevisi undang-undang otonomi daerah tanpa campur tangan DPR,Untuk memastikan presiden terpilih selalu berasal dari tokoh daerah yang populer,Untuk mengambil alih tugas MPR dalam melantik dan memberhentikan Presiden,Agar setiap provinsi memiliki perwakilan yang independen dari partai politik dalam menyuarakan kepentingan daerah di tingkat nasional,Untuk mengawasi secara langsung kinerja menteri-menteri dalam kabinet,0,0,0,5,0,"DPD dibentuk untuk mengakomodasi keterwakilan daerah (*territorial representation*) secara independen (non-partisan/bukan parpol), guna menyeimbangkan DPR yang merupakan representasi politik (*political representation*), sehingga kepentingan daerah lebih tersalurkan.",,,,,,
21,TWK,Bahasa Negara,,(1),(2),(4),(3),(1) dan (4),0,0,5,0,0,"Paragraf tersebut bersifat induktif, di mana kalimat (1), (2), dan (3) adalah premis/fakta penjelas, yang kemudian disimpulkan pada kalimat (4). Kata kunci 'Oleh karena itu' menegaskan kesimpulan utama (gagasan pokok).",,,,,,
22,TWK,Pilar Negara,,Instruksi langsung dari Presiden sebagai kepala negara,Jumlah penduduk dan luas wilayah tanpa memandang sumber daya,Pendapatan asli daerah (PAD) sebagai syarat mutlak otonomi,Kekhususan dan keragaman daerah,Kekuatan politik partai penguasa di daerah tersebut,0,0,0,5,0,Sesuai Pasal 18A ayat (1) UUD 1945: Hubungan wewenang antara pemerintah pusat dan daerah diatur dengan undang-undang dengan memperhatikan kekhususan dan keragaman daerah.,,,,,,
23,TWK,Integritas,,Memastikan pejabat negara tidak memiliki utang sama sekali di bank pemerintah,Mengetahui seberapa besar pajak yang bisa ditarik oleh negara dari pejabat tersebut,"Mewujudkan pemerintahan yang bersih (clean government), transparan, dan akuntabel sesuai dengan prinsip negara hukum demokratis",Memberikan data kepada masyarakat agar bisa meminta sumbangan kepada pejabat yang kaya,Menjadikan standar kekayaan pejabat sebagai acuan kesejahteraan nasional,0,0,5,0,0,"LHKPN adalah manifestasi dari asas keterbukaan dan akuntabilitas. Tujuannya adalah menciptakan pemerintahan yang bersih dan bebas KKN (asas *good governance*), sehingga publik dapat turut mengawasi kewajaran harta pejabat.",,,,,,
24,TWK,Bela Negara,,Menutup perbatasan negara dari segala bentuk investasi dan imigran asing,Menangkap dan memenjarakan semua orang yang pernah membaca literatur ideologi tersebut,"Menanamkan internalisasi nilai-nilai Pancasila melalui pendekatan edukasi, budaya, dan kesejahteraan yang membuat ideologi asing kehilangan daya tariknya",Mewajibkan seluruh warga untuk menghafal butir-butir Pancasila sebagai syarat pembuatan KTP,Membentuk badan sensor tunggal yang menyaring seluruh komunikasi pribadi warga negara,0,0,5,0,0,"Pendekatan represif (A, B) melanggar HAM. Ketahanan ideologi terbaik adalah *soft approach* (internalisasi nilai secara kultural/edukasi) dan *hard approach* berupa keadilan sosial/kesejahteraan, sehingga masyarakat merasa Pancasila lebih baik daripada ideologi asing.",,,,,,
25,TWK,Nasionalisme,,Menerapkan bea masuk 0% untuk semua produk impor agar masyarakat bisa membeli barang murah,Menerima seluruh kebijakan WTO tanpa syarat demi menjaga hubungan baik dengan negara maju,Hanya mengekspor bahan mentah agar harganya murah dan laku keras di pasar internasional,"Menggunakan perundingan diplomasi perdagangan di WTO untuk memperjuangkan keadilan tarif, menghapus diskriminasi produk nasional, dan melindungi industri strategis dalam negeri",Keluar dari WTO karena merugikan industri lokal dalam jangka pendek,0,0,0,5,0,Nasionalisme yang adaptif dalam globalisasi adalah menggunakan forum internasional (seperti WTO) secara strategis (*bargaining power*) untuk membela kepentingan dan komoditas nasional dari praktik monopoli/diskriminasi negara maju.,,,,,,
26,TWK,Pilar Negara,,"Pancasila statis dalam bidang politik, namun sangat dinamis dalam membebaskan sistem ekonomi pasar bebas","Nilai Pancasila statis hanya pada sila pertama, sedangkan sila lainnya boleh diubah sesuai dinamika zaman","Pancasila adalah hukum kaku yang tidak bisa diubah, namun penafsirannya harus mengikuti kehendak penguasa","Pancasila hanya berlaku statis di dalam negeri, namun dinamis ketika digunakan untuk hubungan internasional","Pancasila sebagai dasar negara (*meja statis*) yang menyatukan kemajemukan, sekaligus memiliki nilai fleksibel yang mampu mengarahkan dan menjawab tantangan zaman (*dinamis*)",0,0,0,0,5,"'Meja statis' bermakna fondasi kuat yang menyatukan berbagai elemen bangsa yang majemuk. 'Leitzstar dinamis' bermakna nilai-nilainya visioner, terbuka, dan mampu memandu bangsa dalam menghadapi perubahan dan modernisasi.",,,,,,
27,TWK,Bahasa Negara,,"Ibu membeli berbagai macam buah; apel, mangga, dan pisang.",Oleh karena itu; kita harus saling menghargai.,Malam makin larut; kami belum juga selesai mengerjakan tugas ini.,Ia bukan mahasiswa fakultas hukum; melainkan fakultas ekonomi.,Karena hujan turun sangat lebat; pertandingan sepak bola ditunda.,0,0,5,0,0,Titik koma (;) digunakan sebagai pengganti kata penghubung untuk memisahkan kalimat setara di dalam kalimat majemuk (Opsi A benar). B salah (harus koma). C salah (harus titik dua). D salah (harus koma). E salah (harus koma sebelum melainkan).,,,,,,
28,TWK,Integritas,,Mendeklarasikan potensi konflik kepentingan tersebut kepada ketua panitia dan mengundurkan diri dari proses penilaian khusus untuk berkas adiknya,Tetap menyeleksi berkas adiknya secara objektif karena yakin dirinya tidak akan berbuat curang,Mengubah nilai adiknya menjadi sedikit lebih rendah agar terlihat tidak memihak,Mendiskualifikasi adiknya secara sepihak agar tidak timbul fitnah di kemudian hari,Meminta rekan panitia lain untuk meluluskan adiknya dengan janji akan membalas budi suatu saat nanti,5,0,0,0,0,"Dalam *Conflict of Interest*, sekadar merasa objektif (A) tidak cukup dan melanggar kode etik. Mendiskualifikasi murni (B) merugikan hak adik. Langkah paling berintegritas dan sesuai SOP adalah deklarasi (*declare*) konflik kepentingan dan tidak terlibat (*recuse*) dalam proses penilaian pihak terkait.",,,,,,
29,TWK,Bela Negara,,Mengkampanyekan pemblokiran massal film asing di bioskop,"Memperkuat filter moral individu melalui agama dan keluarga, serta secara kreatif memproduksi konten kebudayaan lokal yang berkualitas dan relevan dengan zaman",Melakukan boikot nasional terhadap seluruh platform *streaming* asing,Menyerang akun media sosial artis asing tersebut dengan komentar negatif menggunakan bahasa daerah,Mewajibkan stasiun TV untuk memutar film dokumenter sejarah 24 jam penuh,0,5,0,0,0,"Bela negara nirmiliter dalam hal budaya adalah dengan memperkuat ketahanan kultural (filter internal) dan memenangkan pertarungan narasi secara kreatif (menciptakan konten lokal yang berdaya saing), bukan sekadar pelarangan buta.",,,,,,
30,TWK,Pilar Negara,,Presiden memiliki hak prerogatif mutlak untuk menetapkan undang-undang tanpa persetujuan DPR,"Menteri-menteri negara diangkat, diberhentikan, dan bertanggung jawab kepada DPR",Presiden memiliki hak untuk membubarkan DPR jika terjadi kebuntuan politik,Presiden dipilih langsung oleh MPR dan bertanggung jawab kepada MPR,"DPR tidak dapat memberhentikan Presiden dalam masa jabatannya, kecuali Presiden terbukti melakukan pelanggaran hukum berat sesuai konstitusi",0,0,0,0,5,"Dalam UUD 1945 pasca amandemen, sistem presidensial diperkuat dengan ketentuan bahwa Presiden/Wapres dipilih langsung oleh rakyat dan tidak dapat dijatuhkan oleh parlemen (DPR) hanya karena alasan politik, melainkan harus melalui proses pemakzulan (impeachment) hukum yang ketat (Pasal 7A).",,,,,,
31,TIU,Kemampuan Verbal,,Sebagian perusahaan asing mengikuti uji publik,Seluruh peserta uji publik adalah perusahaan asing yang lulus seleksi administrasi,Beberapa peserta uji publik yang menyetorkan jaminan adalah perusahaan asing,Tidak ada perusahaan asing yang diwajibkan menyetorkan jaminan pelaksanaan proyek,Semua perusahaan asing harus menyetorkan jaminan pelaksanaan proyek,5,0,0,0,0,Silogisme kategori. Premis 1: Lulus (A) -> Uji Publik (B). Premis 2: Beberapa Asing (C) -> Lulus (A). Kesimpulan 1: Beberapa Asing (C) -> Uji Publik (B) (Opsi B). Premis 3 tidak bisa dikaitkan pasti dengan perusahaan asing karena subjek 'sebagian peserta' tidak ekuivalen mutlak dengan 'perusahaan asing'.,,,,,,
32,TIU,Kemampuan Verbal,,A,F,E,Tidak dapat ditentukan,D,0,5,0,0,0,"Posisi: C adalah referensi. Berhadapan C adalah A. Sebelah kanan C adalah B. Berhadapan B adalah E. Sisa kursi: kiri C dan sebelah kiri A (atau kanan E). D tidak mau sebelah A atau C. Jadi D harus duduk di antara E dan B (tapi posisi itu sudah diisi berhadapan). Mari kita urut melingkar searah jarum jam: C, B, (kiri B?), A, (kiri A?), (kiri C?). D tidak mau sebelah A atau C, maka D harus di sebelah B dan E. Urutan: C, B, D, A, E, F. Kiri C adalah F.",,,,,,
33,TIU,Kemampuan Verbal,,Psikologi : Perilaku : Observasi,Meteorologi : Cuaca : Payung,Astronomi : Bintang : Teleskop,Seismologi : Gempa : Mitigasi,Kriminologi : Kejahatan : Rehabilitasi,0,0,0,5,0,Analogi 3 kata. Epidemiologi adalah ilmu yang mempelajari wabah; vaksinasi adalah upaya preventif/penanggulangan wabah tersebut. Seismologi adalah ilmu mempelajari gempa; mitigasi adalah upaya preventif/penanggulangan dampak gempa.,,,,,,
34,TIU,Kemampuan Numerik,,10.15,10.00,09.15,09.30,09.45,0,0,0,5,0,"Selisih waktu berangkat = 30 menit = 0,5 jam. Jarak yang ditempuh X selama 0,5 jam = 60 * 0,5 = 30 km. Sisa jarak saat Y berangkat (07.30) = 310 - 30 = 280 km. Waktu berpapasan (t) = Sisa Jarak / (V1 + V2) = 280 / (60 + 80) = 280 / 140 = 2 jam. Kereta berpapasan 2 jam setelah 07.30, yaitu pukul 09.30.",,,,,,
35,TIU,Kemampuan Numerik,,"251,6",225,235,255,245,5,0,0,0,0,"0,125 = 1/8. 1/8 x 640 = 80. Kemudian, 33,33% = 1/3. 1/3 dari 80 = 26,66... Kuadrat dari 15 = 225. 225 + 26,66 = 251,66. Pilihan D paling mendekati.",,,,,,
36,TIU,Kemampuan Numerik,,115,127,129,133,131,0,0,5,0,0,"Pola selisih: 5-3=2, 9-5=4, 17-9=8, 33-17=16, 65-33=32. Selisihnya adalah bilangan berpangkat 2 (dikali 2). Selisih berikutnya adalah 32 x 2 = 64. Maka 65 + 64 = 129.",,,,,,
37,TIU,Kemampuan Numerik,,10 orang,8 orang,12 orang,6 orang,4 orang,0,0,0,5,0,"Total beban = 24 org x 30 hr = 720. Selesai 10 hr = 24 x 10 = 240. Sisa beban = 720 - 240 = 480. Sisa waktu normal = 20 hari. Karena henti 4 hari, sisa waktu efektif = 20 - 4 = 16 hari. Pekerja yg dibutuhkan untuk sisa = 480 / 16 = 30 orang. Tambahan pekerja = 30 - 24 (awal) = 6 orang.",,,,,,
38,TIU,Kemampuan Numerik,,Rp 450.000,Rp 400.000,Rp 600.000,Rp 550.000,Rp 500.000,0,0,0,0,5,"Harga jual Toko B (setelah diskon) = Rp 640.000. Keuntungan B = Rp 40.000. Artinya harga beli Toko B (yg mana harga jual Toko A) = 640.000 - 40.000 = Rp 600.000. Harga jual Toko A = Rp 600.000, dimana ini adalah modal A + 20% modal A = 1,2 Modal A. Modal A = 600.000 / 1,2 = Rp 500.000.",,,,,,
39,TIU,Kemampuan Verbal,,"Seluruh penerbangan dibatalkan karena alasan operasional, bukan cuaca",Cuaca tidak buruk atau angin tidak kencang,Tidak dapat ditarik kesimpulan,Penerbangan tidak dibatalkan meskipun cuaca buruk,Cuaca hari ini cerah namun angin sangat kencang,0,5,0,0,0,"P1: (A n B) -> C. P2: C -> (D v E). Fakta: ~D n ~E yang ekivalen dengan ~(D v E). Melalui Modus Tollens, ~(D v E) menghasilkan ~C. Kemudian ~C pada P1 menghasilkan ~(A n B) yang berdasar hukum De Morgan adalah ~A v ~B (Cuaca tidak buruk ATAU angin tidak kencang).",,,,,,
40,TIU,Kemampuan Numerik,,X dan Z pasti bilangan genap,Z harus lebih besar dari X,Y bukan bilangan prima,X harus sama dengan 1,X + Z selalu lebih besar dari Y,0,0,5,0,0,"Jika X, Y, Z bil bulat positif. X < Y dan Z < Y. Karena X x Z = Y, maka Y adalah hasil kali dua bilangan bulat yang lebih kecil darinya. Ini merupakan definisi dari bilangan komposit (bukan bilangan prima). Opsi C PASTI benar.",,,,,,
41,TIU,Kemampuan Figural,,Lingkaran dengan tanda (x) di dalamnya,Segitiga dengan tanda (x) di dalamnya,Segienam dengan tanda (-) di dalamnya,Segienam dengan tanda (+) di dalamnya,Segienam dengan tanda (x) di dalamnya,0,0,0,0,5,"Sisi luar bertambah 1 garis lengkung(0 sisi)->4 sisi(persegi)->5 sisi(segilima). Berikutnya 6 sisi (Segienam). Tanda dalam: (+) rotasi 45 derajat menjadi (x), rotasi 45 lagi menjadi (+), berikutnya rotasi 45 lagi kembali menjadi (x). Jadi Segienam dengan tanda (x).",,,,,,
42,TIU,Kemampuan Verbal,,"R, T","S, V","Q, T","P, S","R, U",0,0,0,0,5,"Pola melompat 2 huruf. C(D,E) F(G,H) I(J,K) L(M,N) O(P,Q) R(S,T) U. Maka dua huruf selanjutnya adalah R, U.",,,,,,
43,TIU,Kemampuan Numerik,,x = 2y,x > y,x = y,Hubungan x dan y tidak dapat ditentukan,x < y,0,5,0,0,0,"Luas bujur sangkar (x) = sisi x sisi = 4 x 4 = 16. Luas lingkaran (y) = pi x r^2 = 3,14 x 2^2 = 3,14 x 4 = 12,56. Karena 16 > 12,56, maka x > y.",,,,,,
44,TIU,Kemampuan Verbal,,Gula : Manis : Diabetes,Olah Raga : Sehat : Juara,Kemarau : Kekeringan : Gagal Panen,Belajar : Pintar : Sukses,Hujan : Banjir : Macet,0,0,5,0,0,"Hubungan kausalitas berantai yang bernilai negatif. Kebodohan menyebabkan kemiskinan, kemiskinan (seringkali) menyebabkan kriminalitas. Kemarau panjang menyebabkan kekeringan, kekeringan menyebabkan gagal panen. Opsi D kurang tepat karena macet bukan efek langsung/absolut bencana alam pada hasil primer.",,,,,,
45,TIU,Kemampuan Numerik,,16.900,21.000,33.800,11.025,26.450,0,0,0,5,0,"Huruf vokal (A,I,U,E,O) = 5. Angka genap (0,2,4,6,8) = 5. Huruf konsonan (26 total huruf - 5 vokal) = 21. Boleh berulang, jadi slot ketiga = 21, slot keempat = 21. Kombinasi = 5 x 5 x 21 x 21 = 25 x 441 = 11.025.",,,,,,
46,TIU,Kemampuan Verbal,,Prajurit : Menang : Gugur,Dokter : Pasien : Sembuh,Petani : Panen : Hama,Guru : Nilai : Siswa,Karyawan : Gaji : Potongan,5,0,0,0,0,"Analogi profesi dan kemungkinan hasil (positif/harapan vs negatif/risiko). Pedagang berharap mendapat laba (positif), risikonya rugi (negatif). Prajurit bertempur berharap menang (positif), risikonya gugur (negatif).",,,,,,
47,TIU,Kemampuan Verbal,,Beberapa siswa kelas XII mendapatkan bimbingan intensif,Semua siswa kelas XII mendapat bimbingan intensif,Siswa yang tidak ikut olimpiade tidak akan lulus di universitas bergengsi,Beberapa siswa kelas XII pasti lulus di universitas negeri bergengsi,Semua siswa yang lulus di universitas bergengsi pernah mengikuti olimpiade,5,0,0,0,0,P1: Olimpiade (A) -> Bimbingan (B). P2: Beberapa kls XII (C) -> Olimpiade (A). Kesimpulan: Beberapa kelas XII (C) mendapat Bimbingan (B). Premis 3 (sebagian yang bimbingan lulus) tidak bisa ditarik kesimpulan mutlak dengan kelas XII. Opsi C adalah kesimpulan yang paling pasti (Syllogism Kategoris Darii).,,,,,,
48,TIU,Kemampuan Verbal,,"U, S, P, Q, R, T","P, S, U, Q, R, T","P, S, U, R, Q, T","S, U, P, Q, R, T","P, S, U, Q, T, R",0,5,0,0,0,"(1) S di antara P dan U -> P-S-U atau U-S-P. (3) U tepat di depan Q -> U-Q. Jika digabung dengan P-S-U, menjadi P-S-U-Q. (2) R di depan T, di belakang Q -> Q...R...T. Gabungan utuh: P - S - U - Q - R - T.",,,,,,
49,TIU,Kemampuan Verbal,,N,K,J,M,L,0,0,0,0,5,"Jadwal: Sn, Sl, Rb, Km, Jm. (3) K = Rabu. (2) J = Selasa. Sisa Sn, Km, Jm. (1) L harus tepat sebelum M (blok L-M). Ruang kosong berurutan hanya ada di Km-Jm. Maka L = Kamis, M = Jumat. Sisa N untuk hari Senin. Jadi, Kamis = L.",,,,,,
50,TIU,Kemampuan Numerik,,"1,5","0,5","0,8","1,0","1,2",0,0,0,5,0,Atas: 6/8 + 4/8 - 5/8 = 5/8. Bawah: 1/4 x 5/2 = 5/8. Maka (5/8) / (5/8) = 1.,,,,,,
51,TIU,Kemampuan Numerik,,105,110,100,102,95,0,0,0,5,0,"Selisih tingkat 1: 5, 7, 11, 17, 25. Selisih tingkat 2: 2, 4, 6, 8 (barisan genap). Maka selisih tingkat 2 berikutnya adalah 10. Selisih tingkat 1 berikutnya: 25 + 10 = 35. Angka berikutnya: 67 + 35 = 102.",,,,,,
52,TIU,Kemampuan Numerik,,"N, 49","M, 36","M, 49","N, 36","O, 36",0,0,0,5,0,"Pola huruf melompat 2 huruf: B(+3)E(+3)H(+3)K(+3)N. Pola angka adalah kuadrat bilangan bulat mulai dari 2: 2^2(4), 3^2(9), 4^2(16), 5^2(25). Berikutnya 6^2 = 36. Jawaban: N, 36.",,,,,,
53,TIU,Kemampuan Numerik,,1600 lembar,1500 lembar,1750 lembar,1650 lembar,1800 lembar,0,5,0,0,0,Kecepatan A = 500/12 = 125/3 lembar/menit. Kecepatan B = 500/15 = 100/3 lembar/menit. Kecepatan gabungan (A+B) = (125+100)/3 = 225/3 = 75 lembar/menit. Dalam 20 menit: 75 x 20 = 1500 lembar.,,,,,,
54,TIU,Kemampuan Numerik,,x = -y,x = y,x > y,Hubungan x dan y tidak dapat ditentukan,x < y,0,5,0,0,0,"Persamaan y^2 + 8y + 16 = 0 difaktorkan menjadi (y + 4)(y + 4) = 0, sehingga akar-akarnya adalah y = -4. Karena x = -4 dan y = -4, maka x = y.",,,,,,
55,TIU,Kemampuan Numerik,,Rp 160.000,Rp 180.000,Rp 140.000,Rp 200.000,Rp 120.000,5,0,0,0,0,"Misal harga awal = P. Diskon 20% -> 0,8P. Diskon 15% dari 0,8P = 0,85 x 0,8P = 0,68P. Harga akhir = 0,68P = 340.000. Maka P = 340.000 / 0,68 = 500.000. Selisih = Harga Awal - Harga Akhir = 500.000 - 340.000 = Rp 160.000.",,,,,,
56,TIU,Kemampuan Figural,https://upykjfjmfpwegqrbgeoa.supabase.co/storage/v1/object/public/exam-assets/figural/latihan2/l2_q56_problem.png,Opsi A,Opsi B,Opsi C,Opsi D,Opsi E,0,5,0,0,0,"Aturan Pola Figural: Number: Progression, Type: Distribute_Three, Size: Progression, Color: Constant. Penjelasan: Analisis perubahan elemen (posisi, ukuran, warna) secara vertikal atau horizontal untuk menemukan pola yang konsisten.",https://upykjfjmfpwegqrbgeoa.supabase.co/storage/v1/object/public/exam-assets/figural/latihan2/l2_q56_opt_A.png,https://upykjfjmfpwegqrbgeoa.supabase.co/storage/v1/object/public/exam-assets/figural/latihan2/l2_q56_opt_B.png,https://upykjfjmfpwegqrbgeoa.supabase.co/storage/v1/object/public/exam-assets/figural/latihan2/l2_q56_opt_C.png,https://upykjfjmfpwegqrbgeoa.supabase.co/storage/v1/object/public/exam-assets/figural/latihan2/l2_q56_opt_D.png,https://upykjfjmfpwegqrbgeoa.supabase.co/storage/v1/object/public/exam-assets/figural/latihan2/l2_q56_opt_E.png,
57,TIU,Kemampuan Figural,https://upykjfjmfpwegqrbgeoa.supabase.co/storage/v1/object/public/exam-assets/figural/latihan2/l2_q57_problem.png,Opsi A,Opsi B,Opsi C,Opsi D,Opsi E,0,0,0,5,0,"Aturan Pola Figural: Number: Arithmetic, Type: Constant, Size: Progression, Color: Progression. Penjelasan: Analisis perubahan elemen (posisi, ukuran, warna) secara vertikal atau horizontal untuk menemukan pola yang konsisten.",https://upykjfjmfpwegqrbgeoa.supabase.co/storage/v1/object/public/exam-assets/figural/latihan2/l2_q57_opt_A.png,https://upykjfjmfpwegqrbgeoa.supabase.co/storage/v1/object/public/exam-assets/figural/latihan2/l2_q57_opt_B.png,https://upykjfjmfpwegqrbgeoa.supabase.co/storage/v1/object/public/exam-assets/figural/latihan2/l2_q57_opt_C.png,https://upykjfjmfpwegqrbgeoa.supabase.co/storage/v1/object/public/exam-assets/figural/latihan2/l2_q57_opt_D.png,https://upykjfjmfpwegqrbgeoa.supabase.co/storage/v1/object/public/exam-assets/figural/latihan2/l2_q57_opt_E.png,
58,TIU,Kemampuan Figural,https://upykjfjmfpwegqrbgeoa.supabase.co/storage/v1/object/public/exam-assets/figural/latihan2/l2_q58_problem.png,Opsi A,Opsi B,Opsi C,Opsi D,Opsi E,0,0,0,5,0,"Aturan Pola Figural: Number/Position: Constant, Type: Constant, Size: Constant, Color: Constant, Number/Position: Constant, Type: Distribute_Three, Size: Constant, Color: Progression. Penjelasan: Analisis perubahan elemen (posisi, ukuran, warna) secara vertikal atau horizontal untuk menemukan pola yang konsisten.",https://upykjfjmfpwegqrbgeoa.supabase.co/storage/v1/object/public/exam-assets/figural/latihan2/l2_q58_opt_A.png,https://upykjfjmfpwegqrbgeoa.supabase.co/storage/v1/object/public/exam-assets/figural/latihan2/l2_q58_opt_B.png,https://upykjfjmfpwegqrbgeoa.supabase.co/storage/v1/object/public/exam-assets/figural/latihan2/l2_q58_opt_C.png,https://upykjfjmfpwegqrbgeoa.supabase.co/storage/v1/object/public/exam-assets/figural/latihan2/l2_q58_opt_D.png,https://upykjfjmfpwegqrbgeoa.supabase.co/storage/v1/object/public/exam-assets/figural/latihan2/l2_q58_opt_E.png,
59,TIU,Kemampuan Figural,https://upykjfjmfpwegqrbgeoa.supabase.co/storage/v1/object/public/exam-assets/figural/latihan2/l2_q59_problem.png,Opsi A,Opsi B,Opsi C,Opsi D,Opsi E,0,0,5,0,0,"Aturan Pola Figural: Number/Position: Constant, Type: Distribute_Three, Size: Distribute_Three, Color: Constant, Number/Position: Constant, Type: Distribute_Three, Size: Progression, Color: Arithmetic. Penjelasan: Analisis perubahan elemen (posisi, ukuran, warna) secara vertikal atau horizontal untuk menemukan pola yang konsisten.",https://upykjfjmfpwegqrbgeoa.supabase.co/storage/v1/object/public/exam-assets/figural/latihan2/l2_q59_opt_A.png,https://upykjfjmfpwegqrbgeoa.supabase.co/storage/v1/object/public/exam-assets/figural/latihan2/l2_q59_opt_B.png,https://upykjfjmfpwegqrbgeoa.supabase.co/storage/v1/object/public/exam-assets/figural/latihan2/l2_q59_opt_C.png,https://upykjfjmfpwegqrbgeoa.supabase.co/storage/v1/object/public/exam-assets/figural/latihan2/l2_q59_opt_D.png,https://upykjfjmfpwegqrbgeoa.supabase.co/storage/v1/object/public/exam-assets/figural/latihan2/l2_q59_opt_E.png,
60,TIU,Kemampuan Figural,https://upykjfjmfpwegqrbgeoa.supabase.co/storage/v1/object/public/exam-assets/figural/latihan2/l2_q60_problem.png,Opsi A,Opsi B,Opsi C,Opsi D,Opsi E,0,0,0,5,0,"Aturan Pola Figural: Number/Position: Constant, Type: Progression, Size: Constant, Color: Arithmetic, Number/Position: Constant, Type: Constant, Size: Distribute_Three, Color: Constant. Penjelasan: Analisis perubahan elemen (posisi, ukuran, warna) secara vertikal atau horizontal untuk menemukan pola yang konsisten.",https://upykjfjmfpwegqrbgeoa.supabase.co/storage/v1/object/public/exam-assets/figural/latihan2/l2_q60_opt_A.png,https://upykjfjmfpwegqrbgeoa.supabase.co/storage/v1/object/public/exam-assets/figural/latihan2/l2_q60_opt_B.png,https://upykjfjmfpwegqrbgeoa.supabase.co/storage/v1/object/public/exam-assets/figural/latihan2/l2_q60_opt_C.png,https://upykjfjmfpwegqrbgeoa.supabase.co/storage/v1/object/public/exam-assets/figural/latihan2/l2_q60_opt_D.png,https://upykjfjmfpwegqrbgeoa.supabase.co/storage/v1/object/public/exam-assets/figural/latihan2/l2_q60_opt_E.png,
61,TIU,Kemampuan Figural,https://upykjfjmfpwegqrbgeoa.supabase.co/storage/v1/object/public/exam-assets/figural/latihan2/l2_q61_problem.png,Opsi A,Opsi B,Opsi C,Opsi D,Opsi E,0,0,0,0,5,"Aturan Pola Figural: Number/Position: Constant, Type: Progression, Size: Progression, Color: Constant, Number/Position: Constant, Type: Constant, Size: Progression, Color: Arithmetic. Penjelasan: Analisis perubahan elemen (posisi, ukuran, warna) secara vertikal atau horizontal untuk menemukan pola yang konsisten.",https://upykjfjmfpwegqrbgeoa.supabase.co/storage/v1/object/public/exam-assets/figural/latihan2/l2_q61_opt_A.png,https://upykjfjmfpwegqrbgeoa.supabase.co/storage/v1/object/public/exam-assets/figural/latihan2/l2_q61_opt_B.png,https://upykjfjmfpwegqrbgeoa.supabase.co/storage/v1/object/public/exam-assets/figural/latihan2/l2_q61_opt_C.png,https://upykjfjmfpwegqrbgeoa.supabase.co/storage/v1/object/public/exam-assets/figural/latihan2/l2_q61_opt_D.png,https://upykjfjmfpwegqrbgeoa.supabase.co/storage/v1/object/public/exam-assets/figural/latihan2/l2_q61_opt_E.png,
62,TIU,Kemampuan Figural,https://upykjfjmfpwegqrbgeoa.supabase.co/storage/v1/object/public/exam-assets/figural/latihan2/l2_q62_problem.png,Opsi A,Opsi B,Opsi C,Opsi D,Opsi E,5,0,0,0,0,"Aturan Pola Figural: Number/Position: Constant, Type: Constant, Size: Constant, Color: Distribute_Three, Number/Position: Constant, Type: Progression, Size: Distribute_Three, Color: Distribute_Three. Penjelasan: Analisis perubahan elemen (posisi, ukuran, warna) secara vertikal atau horizontal untuk menemukan pola yang konsisten.",https://upykjfjmfpwegqrbgeoa.supabase.co/storage/v1/object/public/exam-assets/figural/latihan2/l2_q62_opt_A.png,https://upykjfjmfpwegqrbgeoa.supabase.co/storage/v1/object/public/exam-assets/figural/latihan2/l2_q62_opt_B.png,https://upykjfjmfpwegqrbgeoa.supabase.co/storage/v1/object/public/exam-assets/figural/latihan2/l2_q62_opt_C.png,https://upykjfjmfpwegqrbgeoa.supabase.co/storage/v1/object/public/exam-assets/figural/latihan2/l2_q62_opt_D.png,https://upykjfjmfpwegqrbgeoa.supabase.co/storage/v1/object/public/exam-assets/figural/latihan2/l2_q62_opt_E.png,
63,TIU,Kemampuan Figural,https://upykjfjmfpwegqrbgeoa.supabase.co/storage/v1/object/public/exam-assets/figural/latihan2/l2_q63_problem.png,Opsi A,Opsi B,Opsi C,Opsi D,Opsi E,0,0,5,0,0,"Aturan Pola Figural: Number/Position: Constant, Type: Distribute_Three, Size: Arithmetic, Color: Progression, Number/Position: Constant, Type: Progression, Size: Constant, Color: Arithmetic. Penjelasan: Analisis perubahan elemen (posisi, ukuran, warna) secara vertikal atau horizontal untuk menemukan pola yang konsisten.",https://upykjfjmfpwegqrbgeoa.supabase.co/storage/v1/object/public/exam-assets/figural/latihan2/l2_q63_opt_A.png,https://upykjfjmfpwegqrbgeoa.supabase.co/storage/v1/object/public/exam-assets/figural/latihan2/l2_q63_opt_B.png,https://upykjfjmfpwegqrbgeoa.supabase.co/storage/v1/object/public/exam-assets/figural/latihan2/l2_q63_opt_C.png,https://upykjfjmfpwegqrbgeoa.supabase.co/storage/v1/object/public/exam-assets/figural/latihan2/l2_q63_opt_D.png,https://upykjfjmfpwegqrbgeoa.supabase.co/storage/v1/object/public/exam-assets/figural/latihan2/l2_q63_opt_E.png,
64,TIU,Kemampuan Figural,https://upykjfjmfpwegqrbgeoa.supabase.co/storage/v1/object/public/exam-assets/figural/latihan2/l2_q64_problem.png,Opsi A,Opsi B,Opsi C,Opsi D,Opsi E,0,5,0,0,0,"Aturan Pola Figural: Number/Position: Constant, Type: Constant, Size: Progression, Color: Progression. Penjelasan: Analisis perubahan elemen (posisi, ukuran, warna) secara vertikal atau horizontal untuk menemukan pola yang konsisten.",https://upykjfjmfpwegqrbgeoa.supabase.co/storage/v1/object/public/exam-assets/figural/latihan2/l2_q64_opt_A.png,https://upykjfjmfpwegqrbgeoa.supabase.co/storage/v1/object/public/exam-assets/figural/latihan2/l2_q64_opt_B.png,https://upykjfjmfpwegqrbgeoa.supabase.co/storage/v1/object/public/exam-assets/figural/latihan2/l2_q64_opt_C.png,https://upykjfjmfpwegqrbgeoa.supabase.co/storage/v1/object/public/exam-assets/figural/latihan2/l2_q64_opt_D.png,https://upykjfjmfpwegqrbgeoa.supabase.co/storage/v1/object/public/exam-assets/figural/latihan2/l2_q64_opt_E.png,
65,TIU,Kemampuan Figural,https://upykjfjmfpwegqrbgeoa.supabase.co/storage/v1/object/public/exam-assets/figural/latihan2/l2_q65_problem.png,Opsi A,Opsi B,Opsi C,Opsi D,Opsi E,0,5,0,0,0,"Aturan Pola Figural: Number/Position: Constant, Type: Constant, Size: Distribute_Three, Color: Progression. Penjelasan: Analisis perubahan elemen (posisi, ukuran, warna) secara vertikal atau horizontal untuk menemukan pola yang konsisten.",https://upykjfjmfpwegqrbgeoa.supabase.co/storage/v1/object/public/exam-assets/figural/latihan2/l2_q65_opt_A.png,https://upykjfjmfpwegqrbgeoa.supabase.co/storage/v1/object/public/exam-assets/figural/latihan2/l2_q65_opt_B.png,https://upykjfjmfpwegqrbgeoa.supabase.co/storage/v1/object/public/exam-assets/figural/latihan2/l2_q65_opt_C.png,https://upykjfjmfpwegqrbgeoa.supabase.co/storage/v1/object/public/exam-assets/figural/latihan2/l2_q65_opt_D.png,https://upykjfjmfpwegqrbgeoa.supabase.co/storage/v1/object/public/exam-assets/figural/latihan2/l2_q65_opt_E.png,
66,TKP,Pelayanan Publik,,Menghubungi atasan agar atasan yang turun tangan menghadapi kemarahan masyarakat karena hal tersebut merupakan tanggung jawab pimpinan.,Membalas teriakan warga dengan tegas agar mereka mengerti bahwa kerusakan server bukan kesalahan petugas lapangan.,"Meminta maaf secara terbuka, menjelaskan kendala teknis secara transparan, lalu mencatat data warga secara manual dan menjanjikan akan memprosesnya seketika server pulih.",Memasang papan pengumuman 'Sistem Error' dan meminta seluruh warga untuk pulang dan kembali lagi besok.,Segera meninggalkan meja pelayanan untuk berlindung dan meminta satpam mengambil alih situasi demi keamanan.,4,2,5,3,1,"Pelayanan Publik. Menggabungkan empati, ketenangan emosional, dan inisiatif solusi (pencatatan manual sementara) adalah tindakan bintang 5. Tidak melempar tanggung jawab atau bersikap defensif.",,,,,,
67,TKP,Jejaring Kerja,,Melaporkan Kepala Bidang tersebut langsung ke Inspektorat atau Kepala Dinas karena menghambat program prioritas.,Mengambil alih pencarian data tersebut sendiri tanpa sepengetahuannya agar pekerjaan Anda cepat selesai.,"Membuat laporan apa adanya tanpa data dari bidang tersebut, dan menambahkan keterangan bahwa kesalahan ada di bidang lain.","Meminta pertemuan informal (coffee break) dengannya untuk menyamakan visi, memahami kendalanya, dan menawarkan bantuan teknis agar data bisa ditarik lebih cepat.",Menyurati bidang tersebut berulang kali setiap hari dengan tembusan ke atasan sebagai bukti bahwa Anda sudah berusaha.,2,1,3,5,4,"Jejaring Kerja. Menghadapi 'silo mentality' harus dengan komunikasi persuasif (informal) dan asertif, menawarkan solusi *win-win*, bukan konfrontasi agresif (A/D) atau mengabaikan kolaborasi (B/E).",,,,,,
68,TKP,Sosial Budaya,,Langsung menegur seluruh pegawai di kantor tersebut dengan membacakan PP Disiplin PNS secara keras.,"Beradaptasi dengan ikut serta dalam tradisi tersebut beberapa kali untuk membangun keakraban, lalu secara perlahan menyarankan sistem 'shift' agar pelayanan masyarakat tetap berjalan.",Melaporkan secara rahasia ke BKN pusat agar kantor tersebut diberikan sanksi pemotongan tunjangan.,Mengikuti tradisi tersebut sepenuhnya setiap hari karena di mana bumi dipijak di situ langit dijunjung.,"Menutup diri dan tetap berada di meja kerja melayani masyarakat yang tersisa, membiarkan mereka dengan tradisi mereka.",2,5,1,3,4,"Sosial Budaya & Profesionalisme. Adaptasi budaya penting untuk penerimaan sosial (jejaring kerja/sosbud), namun pelayanan publik tidak boleh berhenti. Mengusulkan *shift* menunjukkan *problem solving* yang elegan tanpa memicu resistensi kultural lokal.",,,,,,
69,TKP,TIK,,Membuatkan *script* otomatis di komputernya agar log hariannya terisi sendiri setiap hari tanpa ia harus mengetik.,"Menolak secara halus dengan alasan kesibukan pribadi, dan menyarankannya meminta tolong kepada staf magang saja.","Menjelaskan secara sopan bahwa memberikan *password* melanggar SOP keamanan cyber, lalu meluangkan waktu 15 menit setiap sore untuk mengajarinya langsung di komputernya hingga ia mandiri.",Menolak dengan kasar dan mengancam akan melaporkannya ke bagian SDM atas pelanggaran integritas.,Menerima tugas tersebut dengan senang hati sebagai bentuk loyalitas dan rasa hormat kepada atasan senior.,4,3,5,2,1,"TIK, Profesionalisme, Integritas. Berbagi akun adalah pelanggaran keamanan siber mendasar. Namun, atasan senior butuh dibantu (bukan dieksekusi tugasnya). Mengedukasi dan mendampingi hingga mandiri menunjukkan ASN yang melek TIK, menjunjung SOP, sekaligus hormat secara profesional.",,,,,,
70,TKP,Profesionalisme,,Menyuruh atasan untuk mengurusnya sendiri karena Anda sudah tidak bisa berpikir jernih menghadapi musibah.,Meninggalkan anak Anda di IGD bersama kerabat dan tetap pergi ke kantor karena tugas negara adalah prioritas mutlak di atas segalanya.,Membawa laptop ke ruang IGD dan mengerjakan finalisasi data tersebut sendirian sambil menangis menemani anak.,"Menghubungi atasan mengabarkan situasi darurat, mendelegasikan otoritas *approval* sementara melalui email resmi kepada wakil/rekan terpercaya, dan mengirimkan file final dari rumah sakit.","Langsung mematikan ponsel dan fokus penuh pada anak di rumah sakit, karena urusan keluarga di saat kritis tidak bisa digantikan.",1,2,4,5,3,Profesionalisme. Menyeimbangkan krisis personal (kemanusiaan) dengan tanggung jawab profesional. Mendelegasikan otoritas secara resmi menunjukkan manajemen risiko dan kapabilitas manajerial yang tangguh saat darurat.,,,,,,
71,TKP,Anti-radikalisme,,Memviralkan percakapan tersebut ke Twitter/X agar teman Anda mendapat sanksi sosial yang berat.,"Diam saja dan sekadar membaca, karena menganggap itu hanya wacana kosong di grup media sosial.","Secara pribadi (japri) menegurnya dengan argumentasi rasional tentang bahaya radikalisme, dan jika ia semakin ekstrem, Anda melaporkannya melalui kanal pengaduan radikalisme BIN/BNPT.",Segera *left group* (keluar dari grup) agar tidak dituduh terlibat dan menghapus nomor telepon teman tersebut.,Berdebat panas di dalam grup tersebut hingga seluruh anggota grup memihak Anda.,1,4,5,2,3,"Anti-radikalisme. Pendekatan persuasif-edukatif secara personal (japri) mencegah konflik horizontal, namun tetap memiliki ketegasan eskalasi pelaporan ke otoritas berwenang jika ada indikasi ancaman makar/radikalisme ekstrem yang riil.",,,,,,
72,TKP,Pelayanan Publik,,Meminta satpam untuk mengusirnya secara halus karena kantor belum siap menerima warga difabel.,"Membiarkannya ditolong oleh warga lain yang kebetulan lewat, karena Anda tidak ingin meninggalkan prosedur jaga loket.","Berteriak dari meja Anda memberikan instruksi arah langkah (kiri, kanan, lurus) agar ia bisa mandiri mencapai loket Anda.",Menyuruhnya pulang dan menyarankan mendaftar secara *online* saja dari rumah.,"Segera keluar dari balik meja, menghampiri warga tersebut, menuntunnya ke kursi prioritas, dan memproses keperluannya langsung di tempat duduknya.",1,3,2,4,5,"Pelayanan Publik. Prinsip pelayanan prima adalah proaktif, inklusif, dan jemput bola bagi kaum rentan (difabel, lansia, ibu hamil). Opsi C adalah manifestasi nyata dari pelayanan inklusif tanpa dibatasi keterbatasan infrastruktur fisik kantor.",,,,,,
73,TKP,Jejaring Kerja,,"Membuka komunikasi dua arah, memberikan apresiasi atas pengalaman panjang mereka, lalu menguraikan visi inovasi berbasis data untuk disempurnakan bersama-sama.",Bersikap pasif dan membiarkan para senior yang menentukan arah inovasi agar mereka merasa dihargai.,Meminta atasan untuk mengganti formasi tim dengan staf-staf milenial yang lebih sepemikiran dan energik.,Menggunakan otoritas SK pengangkatan untuk memberikan teguran keras dan menegaskan bahwa di ruangan tersebut Andalah bosnya.,Mengerjakan proyek tersebut sendirian secara tertutup tanpa melibatkan mereka demi membuktikan kemampuan Anda.,5,2,3,1,4,"Jejaring Kerja & Profesionalisme. Kepemimpinan kolaboratif (*servant leadership*). Menghadapi senior yang skeptis membutuhkan kerendahan hati untuk menghargai pengalaman mereka, dipadukan dengan kompetensi analitis (berbasis data) untuk mendapatkan *respect* intelektual.",,,,,,
74,TKP,Sosial Budaya,,"Ikut bolos kerja dan menikmati festival tersebut, mumpung tidak ada yang mengawasi.",Mengunci pintu kantor dari luar dan menempel tulisan 'Tutup karena libur adat' tanpa berkoordinasi dengan atasan.,Pergi ke lokasi festival untuk memaksa rekan-rekan kerja Anda kembali ke kantor detik itu juga.,Merekam kondisi kantor yang kosong dan mengirimkannya ke pimpinan pusat agar semua pegawai lokal dipecat.,"Tetap berada di kantor, melayani warga yang mungkin masih datang semampu Anda, dan menyusun laporan evaluasi kronologis objektif kepada pimpinan terkait fenomena lokal ini untuk penyesuaian regulasi ke depan.",1,3,4,2,5,"Profesionalisme & Sosial Budaya. Disiplin diri dipertahankan (tetap di kantor melayani). Namun alih-alih sekadar marah/lapor buta, Anda melihat peluang kebijakan (*policy evaluation*) untuk mengakomodasi kearifan lokal tanpa melanggar birokrasi, yaitu melalui rekomendasi adaptasi regulasi ke pimpinan.",,,,,,
75,TKP,TIK,,Menggunakan uang pribadi Anda untuk membeli *license* antivirus kelas *enterprise* bagi server instansi.,"Melakukan *backup* (cadangan) data krusial secara lokal/mandiri sesuai standar enkripsi, dan membuat nota dinas formal kepada Pejabat Pembuat Komitmen (PPK) mengenai analisis risiko eskalasi kebocoran data nasional.",Mengunduh *software hacker* gratisan dan mencoba meretas server kantor sendiri untuk membuktikan bahwa celah itu nyata.,"Membiarkan saja, jika terjadi peretasan Anda sudah punya bukti bahwa Anda pernah memperingatkan mereka.",Membocorkan celah keamanan tersebut di forum *hacker* (*dark web*) agar diretas untuk memberi pelajaran kepada tim IT.,4,5,3,2,1,TIK & Profesionalisme. Analisis risiko dan eskalasi formal. Melakukan *backup* menunjukkan mitigasi *first-response* yang profesional. Nota dinas tertulis ke pemangku kebijakan (PPK) adalah jalur struktural yang benar setelah peringatan ke level teknis (IT) diabaikan.,,,,,,
76,TKP,Profesionalisme,,Diam tertunduk meratapi nasib tanpa melakukan intervensi apa pun hingga rapat selesai.,Langsung membantah atasan dengan suara keras di depan seluruh tamu agar nama baik Anda tidak hancur.,Berdiri dan berkata sarkastis bahwa atasan seharusnya memakai kacamata agar tidak salah baca.,"Menerima teguran tersebut dengan tenang tanpa berdebat di depan umum, lalu dengan sigap membawakan dokumen *hardcopy* yang benar kepada atasan sambil berbisik menunjukkan halaman yang tepat agar rapat bisa berlanjut.",Menangis dan berlari meninggalkan ruangan rapat karena merasa sangat dipermalukan.,3,2,4,5,1,Profesionalisme & Pengendalian Diri. *Save the face of your boss* di depan pihak luar adalah etika birokrasi mutlak. Memperbaiki keadaan secara taktis (menunjukkan data diam-diam) menyelamatkan wibawa institusi. Anda bisa melakukan klarifikasi reputasi secara empat mata setelah rapat selesai.,,,,,,
77,TKP,Anti-radikalisme,,Ikut mendukung opini tersebut agar terlihat '*edgy*' dan membaur dengan obrolan mereka.,"Menginterupsi diskusi secara elegan, menyatakan ketidaksetujuan secara tegas namun rasional bahwa pembunuhan warga sipil/terorisme bertentangan dengan semua ajaran agama dan konstitusi HAM, lalu meninggalkan *pantry*.",Merekam obrolan mereka secara sembunyi-sembunyi dan memeras mereka untuk memberikan Anda uang tutup mulut.,Diam saja dan pura-pura tidak dengar karena Anda takut dimusuhi di kantor.,"Mendekati mereka, membanting gelas, dan mengancam akan melaporkan mereka ke polisi jika tidak diam.",3,5,4,1,2,"Anti-radikalisme. Keberanian sipil (*civil courage*) diperlukan. Tidak diam membiarkan bibit radikalisme (glorifikasi teror) tumbuh, melainkan melakukan *counter-narrative* (narasi tandingan) yang rasional di *locus* kejadian, tanpa emosi destruktif atau tindakan ilegal.",,,,,,
78,TKP,Pelayanan Publik,,Mengusir ayah tersebut karena aturan sistem tidak bisa diganggu gugat oleh siapapun.,"Menjelaskan aturan 14 hari tersebut, lalu segera berinisiatif menghubungi Dinas Sosial daerah dan *supervisor* Anda untuk mencari skema darurat PBI (Penerima Bantuan Iuran) APBD atau jaminan Jamkesda yang berlaku hari itu juga.",Menggunakan *password* admin level tinggi secara ilegal (nge-hack) untuk mem-bypass sistem demi kemanusiaan.,Membantu ayah tersebut membuat kampanye penggalangan dana *online* (Kitabisa) dari ponsel Anda.,Menyuruhnya mencari rentenir atau pinjaman *online* demi keselamatan anaknya terlebih dahulu.,1,5,4,3,2,"Pelayanan Publik & Jejaring Kerja. Aturan teknis (14 hari) ada untuk keamanan sistem, mem-bypass secara ilegal (E) adalah pelanggaran berat. Memberikan solusi rujukan lintas instansi (Dinsos/Jamkesda APBD darurat) menunjukkan ASN yang responsif, empatik, dan kaya informasi solusi jejaring.",,,,,,
79,TKP,Jejaring Kerja,,Membiarkan bagiannya kosong berantakan agar atasan melihat sendiri kualitas kerja kolega tersebut.,Menghubungi istrinya di rumah dan memarahi keluarganya agar menasihati kolega tersebut.,"Mengingatkan secara asertif dengan memberikan *deadline* internal yang spesifik, lalu jika ia gagal, Anda mendokumentasikan log pengerjaan yang sebenarnya dan melampirkannya saat penyerahan proyek ke atasan.",Menyewa joki profesional (freelancer) untuk mengerjakan bagian kolega tersebut menggunakan uang kas tim.,Mengerjakan seluruh porsi tugasnya sendiri tanpa mengeluh demi kesuksesan proyek bersama.,1,3,5,4,2,"Profesionalisme & Jejaring Kerja. Mengedepankan komunikasi asertif berbatas waktu. Jika kooperatif gagal, akuntabilitas (*logbook* kinerja transparan ke atasan) dijalankan tanpa mengorbankan proyek. Membiarkan gagal (B) merugikan institusi.",,,,,,
80,TKP,TIK,,Ikut mengeklik dan mengisi data tersebut karena takut gaji Anda bulan depan tidak cair.,"Mengabaikannya karena Anda tahu itu *phishing*, biarkan saja rekan Anda terkena dampaknya sendiri sebagai pelajaran.","Meneriakkan peringatan keras kepada rekan Anda untuk segera mencabut kabel LAN komputernya dan *log out*, lalu mem-forward email tersebut ke *helpdesk* IT resmi sebagai laporan deteksi dini serangan *cyber*.",Membuka tautan tersebut menggunakan ponsel pribadi untuk mengecek tampilannya dengan aman.,Menyuruh rekan Anda melanjutkan isiannya dulu untuk melihat apakah itu benar penipuan atau tidak.,1,2,5,4,3,"TIK & Jejaring Kerja. Kesadaran keamanan siber (*cyber security awareness*). Mencegah dampak *phishing/ransomware* yang sudah terklik (mitigasi potong koneksi LAN/Wifi segera), dan eskalasi ke *helpdesk* IT menunjukkan literasi digital tingkat dewa.",,,,,,
81,TKP,TIK,,"Meminta bantuan atasan untuk memaksa mereka menggunakan mesin absen, agar Anda tidak berbenturan langsung secara personal.","Melakukan pendekatan persuasif, menjelaskan sistem enkripsi (*hashing*) yang membuat data wajah tidak bisa disalahgunakan, dan memberikan simulasi transparansi penyimpanan data.",Melaporkan penolakan mereka kepada Kepala Kepegawaian agar diberikan sanksi pemotongan tunjangan presensi.,Mengizinkan pegawai senior untuk tetap menggunakan sistem presensi manual (tanda tangan) sebagai bentuk penghormatan.,Mewajibkan mereka menggunakan sistem tersebut tanpa penjelasan lebih lanjut karena itu adalah perintah pimpinan pusat.,3,5,1,4,2,TIK & Sosial Budaya. Resistensi terhadap teknologi sering kali bersumber dari ketidaktahuan (*fear of the unknown*). Edukasi dan komunikasi asertif yang menjelaskan sisi keamanan teknis (enkripsi) adalah solusi profesional yang mencerminkan pemahaman TIK dan kecerdasan sosial.,,,,,,
82,TKP,Jejaring Kerja,,Menarik seluruh tim Anda kembali ke kota karena merasa tidak dihargai oleh aparatur setempat.,Melaporkan kepala desa tersebut ke kepolisian atas tuduhan korupsi anggaran desa.,"Menginisiasi rapat mediasi yang melibatkan tokoh masyarakat, Bidan Desa, dan Camat untuk menyamakan urgensi program tanpa menyerang wibawa kepala desa.",Membeli vitamin menggunakan uang pribadi dan sumbangan anggota tim agar anak-anak tidak menjadi korban.,Memarahi kepala desa di depan warga agar ia merasa malu dan segera mencairkan anggaran.,3,2,5,4,1,Jejaring Kerja & Profesionalisme. Menghadapi *blocker* struktural dari pejabat lokal butuh kolaborasi dan diplomasi (*stakeholder management*). Melibatkan Camat/Tokoh Masyarakat secara konstruktif dapat menekan Kades secara hierarkis dan moral tanpa memicu konflik frontal terbuka.,,,,,,
83,TKP,Pelayanan Publik,,Ikut menangis panik di dekat rekan Anda dan meninggalkan pekerjaan Anda tanpa kejelasan.,"Segera meminta maaf kepada warga di loket Anda (meminta jeda sebentar), keluar memberi pertolongan pertama dasar, memastikan rekan ditangani medis, lalu kembali ke loket dan meminta warga dari antrean loket sebelah untuk membagi antrean ke loket Anda.","Berteriak minta tolong agar warga di antrean membantu rekan Anda, sementara Anda tetap bekerja di balik kaca.",Menutup kedua loket tersebut dan meminta seluruh warga pulang karena terjadi insiden darurat.,Tetap duduk dan fokus pada pelayanan loket Anda sendiri karena sudah ada petugas keamanan yang menangani.,4,5,3,1,2,Pelayanan Publik & Jejaring Kerja. Menunjukkan empati kemanusiaan/rekan kerja (*first aid*) dan tetap berorientasi pada pelayanan masyarakat secara sigap (mengatur ulang antrean). Kombinasi responsivitas darurat dan tanggung jawab profesional yang tinggi.,,,,,,
84,TKP,Profesionalisme,,Diam saja dan mencoba menutupi karena khawatir akan karir Anda yang baru dimulai di divisi tersebut.,Menegur atasan Anda secara langsung dan keras di depan staf lainnya agar ia sadar.,Meminta bagian *travel* atasan juga untuk diri Anda agar adil dan sama-sama untung.,Mengirimkan surat kaleng tanpa bukti ke KPK agar mereka melakukan investigasi sendiri.,"Mengumpulkan seluruh bukti dokumentasi secara senyap, lalu menggunakan instrumen *Whistleblowing System* (WBS) ke tingkat pimpinan puncak/Inspektorat Utama secara rahasia.",1,2,3,4,5,Profesionalisme & Integritas. Melawan *fraud* dari atasan langsung di lingkungan *toxic* membutuhkan taktik perlindungan diri yang sah. Menggunakan WBS formal disertai bukti adalah jalur yang direkomendasikan negara untuk ASN berintegritas tanpa harus melakukan bunuh diri karir (frontal).,,,,,,
85,TKP,Anti-radikalisme,,"Secara tegas dan bijaksana memaparkan konsekuensi hukum positif negara, nilai-nilai Bhinneka Tunggal Ika, serta risiko keruntuhan ekonomi desa jika diskriminasi diteruskan, sembari mendorong mediasi damai.",Hadir sekadar mendengarkan tanpa memberikan pendapat agar Anda selamat dari amukan massa.,Mendukung aksi razia tersebut demi menjaga stabilitas dan perasaan warga mayoritas setempat.,Mengancam seluruh warga mayoritas di rapat tersebut akan mendatangkan pasukan tentara jika mereka tidak berhenti.,Tidak hadir karena menganggap urusan SARA bukan kewenangan teknis bidang kerja Anda.,5,2,3,4,1,"Sosial Budaya & Anti-radikalisme/Toleransi. ASN adalah perekat kebangsaan. ASN harus berani bersuara secara asertif, persuasif, dan berbasis hukum konstitusi (*civil courage*) di tengah potensi disintegrasi, tidak boleh diam atau malah tunduk pada tirani mayoritas intoleran.",,,,,,
86,TKP,Pelayanan Publik,,"Setiap hari melakukan verifikasi ganda manual pada *folder spam*, merekap pola kesalahan identifikasi, lalu menyusun laporan tertulis kepada atasan beserta rekomendasi penyesuaian parameter/algoritma AI.",Memberikan *auto-reply* bahwa keterlambatan murni kesalahan robot dan instansi meminta maaf.,Meneruskan protes warga kepada pembuat aplikasi (vendor) dan lepas tangan karena bukan Anda yang men-*coding* aplikasi tersebut.,Membiarkannya karena AI dianggap lebih pintar dan itu adalah kebijakan pimpinan pusat.,Mematikan fitur AI tersebut secara diam-diam dan menyortir ribuan keluhan secara manual sendirian.,5,4,3,2,1,TIK & Pelayanan Publik. Manusia harus tetap menjadi *human in the loop* ketika AI melakukan kesalahan. Respons terbaik adalah *troubleshooting* proaktif (verifikasi manual sementara) dan perbaikan sistemik berbasis evaluasi (laporan perbaikan parameter).,,,,,,
87,TKP,Anti-radikalisme,,Membagikan ulang postingannya dengan *caption* peringatan agar orang lain tidak meniru kelakuannya.,Ikut mengomentari postingannya dengan kalimat pedas untuk menunjukkan Anda berada di pihak yang benar.,Mendiamkan saja karena itu ruang privat rekan Anda di luar jam kerja.,"Mengingatkannya melalui pesan pribadi (*direct message*) terkait Kode Etik Pegawai dalam bermedia sosial, meminta untuk segera menurunkan (menghapus) postingan tersebut demi meredam gejolak, dan melaporkan ke kepegawaian jika ia menolak.",*Unfollow* atau *block* akun rekan tersebut agar Anda tidak melihat postingan negatifnya lagi.,3,1,4,5,2,"Anti-radikalisme & TIK (Bermedia Sosial). Pencegahan polarisasi SARA yang dilakukan kolega ASN harus diatasi dengan teguran etis yang profesional di luar ranah publik (japri), demi meredam gejolak horizontal, dilengkapi eskalasi aturan jika membandel.",,,,,,
88,TKP,TIK,,Membatalkan MoU secara sepihak dan langsung mengadakan konferensi pers untuk membongkar niat buruk perusahaan tersebut.,"Menolak keras secara formal karena melanggar UU Pelindungan Data Pribadi (UU PDP), mengevaluasi ulang klausul perjanjian, dan membatasi *sharing* data hanya pada agregat anonim (*non-personally identifiable information*).",Menyetujuinya karena hal tersebut bisa membantu para UMKM mendapatkan modal lebih cepat.,Mengingatkan pihak _e-commerce_ namun membiarkan mereka tetap mengakses server secara terbatas.,Membiarkan pihak _e-commerce_ mengambil data namun Anda meminta bagian *fee* (komisi) dari perusahaan tersebut.,3,5,1,4,2,"Jejaring Kerja, Integritas, & TIK. *Data privacy* adalah hak krusial masyarakat. Kolaborasi eksternal harus menjunjung kepatuhan regulasi (UU PDP). Melindungi data (membatasi akses agregat) tanpa harus langsung menghancurkan peluang program (konferensi pers) menunjukkan profesionalisme diplomatis tingkat tinggi.",,,,,,
89,TKP,Profesionalisme,,"Memahami dinamika birokrasi, mengelola rasa frustrasi secara profesional dengan tetap melaksanakan tugas pelayanan prima, serta mendiskusikan penjadwalan kompensasi libur di lain waktu dengan atasan saat situasi kondusif.",Membuat opini di media sosial yang menceritakan keburukan manajemen instansi Anda agar viral.,"Menerima keputusan tersebut meskipun sangat kecewa, dan bekerja melayani masyarakat pada hari raya dengan wajah cemberut.",Marah besar di ruang rapat dan mengancam mogok kerja jika janji tersebut tidak ditepati.,Bekerja setengah hati dan secara sengaja melambatkan pelayanan sebagai bentuk protes diam-diam.,5,4,2,1,3,"Profesionalisme & Pengendalian Diri. Resiliensi ASN saat janji dikhianati oleh urgensi (*force majeure* kedinasan). ASN dituntut memiliki regulasi emosi yang baik, tidak reaktif secara destruktif, tetap melayani dengan prima, lalu menegosiasikan hak secara rasional setelah krisis mereda.",,,,,,
90,TKP,Sosial Budaya,,Hanya tersenyum sopan tanpa membantah karena sangat pamali berdebat dengan tetua di kampung halaman.,Melaporkan kampung tersebut ke Satgas Covid tingkat provinsi agar mereka dihukum karena menolak program nasional.,Menghindar dari kelompok tersebut dan hanya menasihati keluarga inti Anda saja agar divaksin secara diam-diam.,Langsung membantah dengan berteriak dan menyebut mereka sebagai orang-orang yang termakan hoaks.,"Meminta izin berbicara dengan nada hormat, menyajikan fakta ilmiah dengan bahasa lokal yang mudah dimengerti, membagikan testimoni positif kerabat yang sudah divaksin, dan menawarkan diri untuk mendampingi mereka ke puskesmas kelak.",2,4,3,1,5,"Sosial Budaya, Jejaring & Anti-hoaks. Di lingkungan kultural (menghormati orang tua), edukasi tidak bisa bersifat frontal/konfrontatif. Pendekatan persuasif (*local wisdom approach*), bukti empiris sederhana, dan aksi nyata (menawarkan pendampingan) adalah kunci mengubah persepsi tanpa melanggar etika adat.",,,,,,
91,TKP,Pelayanan Publik,,"Menghadapi warga dengan tenang, menjelaskan estimasi waktu pemulihan sistem dari tim IT, lalu membagikan formulir fisik (*offline*) untuk diisi warga sebagai langkah antisipasi agar proses input bisa langsung dilakukan saat sistem *online* kembali.",Menyuruh warga untuk komplain langsung ke media sosial instansi agar tim IT pusat mempercepat kerjanya.,Menggunakan *hotspot* pribadi dari ponsel Anda untuk mencoba masuk ke sistem meskipun tahu server utama sedang dimatikan.,Menutup loket dan menempelkan kertas pengumuman bahwa jaringan sedang gangguan agar warga pulang.,Meminta bantuan satpam untuk menertibkan warga sambil Anda bersembunyi di ruang belakang sampai jaringan pulih.,5,3,4,1,2,"Pelayanan Publik & TIK. Dalam kondisi *system down*, ASN tidak boleh pasif atau lari dari tanggung jawab. Memberikan kejelasan informasi (komunikasi asertif) dan memberikan solusi *offline-to-online* (formulir fisik) menunjukkan kesiapan mitigasi layanan.",,,,,,
92,TKP,Sosial Budaya,,Mendiamkan saja dengan harapan mereka berdua sebagai orang dewasa akan menyelesaikan masalahnya sendiri seiring waktu.,"Menegur anggota yang blak-blakan agar lebih sopan, karena budaya kerja birokrasi menuntut kesantunan ekstra.","Mengadakan sesi mediasi tertutup, memfasilitasi pemahaman lintas budaya kerja (*cross-cultural understanding*) di antara mereka, dan menyepakati aturan dasar komunikasi (*ground rules*) selama proyek berlangsung.",Memisahkan tugas mereka berdua agar tidak pernah berinteraksi satu sama lain hingga proyek selesai.,Memecat keduanya dari tim proyek dan meminta atasan mengganti dengan orang yang lebih profesional.,2,3,5,4,1,"Jejaring Kerja & Sosial Budaya. Pemimpin tim harus mampu mengelola konflik (*conflict resolution*). Mediasi yang menekankan pemahaman latar belakang kultural dan pembuatan *ground rules* adalah solusi jangka panjang yang membangun kedewasaan tim, bukan sekadar memisahkan atau memihak.",,,,,,
93,TKP,Profesionalisme,,"Segera menyusun draf ralat resmi (*corrigendum*), menghadap atasan secara langsung untuk mengakui kelalaian tim, dan mempresentasikan solusi perbaikannya baik untuk versi digital maupun cetak.",Membuat surat pengunduran diri karena merasa telah mencoreng nama baik instansi pemerintah.,Diam saja dan berharap tidak ada masyarakat atau auditor luar yang menyadari kesalahan kecil tersebut.,"Diam-diam merevisi versi digital di *website* tanpa memberitahu siapa pun, dan membiarkan versi cetaknya tetap salah.",Menyuruh rekan kerja junior untuk melaporkannya ke atasan agar Anda tidak menjadi sasaran kemarahan.,5,4,1,3,2,Profesionalisme & Integritas. Berani bertanggung jawab atas kesalahan dan proaktif membawa solusi (*corrigendum*) adalah ciri integritas. Memanipulasi data diam-diam (B) melanggar akuntabilitas publik.,,,,,,
94,TKP,Anti-radikalisme,,Merobek proposal tersebut di depan penyelenggara dan mengusir mereka dari kantor Anda.,Meminta uang suap kepada mereka jika ingin proposal yang bermasalah tersebut diloloskan.,Menyetujui izin namun Anda datang ke acara tersebut untuk mengawasi secara pribadi dan diam-diam.,"Menunda izin dengan alasan teknis administrasi, lalu segera berkoordinasi dengan atasan, Kesbangpol, dan aparat intelijen keamanan untuk memverifikasi latar belakang organisasi tersebut.",Langsung menyetujui karena kebebasan berserikat dan berkumpul dijamin oleh UUD 1945.,2,3,4,5,1,Anti-radikalisme & Jejaring Kerja. ASN adalah filter negara. Menemukan indikasi radikalisme tidak boleh direspons secara gegabah (frontal merobek) atau malah dibiarkan (atas nama HAM tanpa batas). Berkoordinasi dengan instansi berwenang (Kesbangpol/Polri) adalah langkah mitigasi prosedural dan taktis.,,,,,,
95,TKP,TIK,,Membiarkan dokumen terhapus agar atasan menyadari betapa buruknya aplikasi buatan vendor tersebut.,Kembali menggunakan sistem kearsipan kertas secara total dan menolak menggunakan aplikasi tersebut.,Menyebarkan kelemahan aplikasi ini di media sosial agar vendor tersebut merasa malu dan cepat bekerja.,Memperbaiki sendiri kode sumber (*source code*) aplikasi tersebut karena Anda pernah belajar *programming* dasar.,"Tetap menggunakan aplikasi tersebut, namun Anda berinisiatif membuat *backup* data secara paralel di *server* lokal internal atau *hard drive* eksternal yang terenkripsi, sambil terus mendesak vendor secara formal melalui PPK.",1,2,4,3,5,TIK & Profesionalisme. Menjaga aset data negara adalah prioritas. Membuat *backup* paralel memastikan pelayanan dan pengarsipan tidak lumpuh sambil tetap mengikuti jalur birokrasi yang sah (mendesak via PPK). Merekayasa *source code* pihak ketiga (D) bisa melanggar hukum kontrak/HAKI.,,,,,,
96,TKP,Pelayanan Publik,,Meninggalkan loket dan meminta rekan kerja lain yang lebih pintar bahasa asing untuk menggantikan Anda.,"Tetap tenang dan tersenyum, lalu menggunakan aplikasi penerjemah di ponsel (*Google Translate* dsb.) atau bahasa isyarat visual untuk memahami kebutuhannya dan memandunya mengisi formulir.",Membalas dengan nada tinggi menggunakan bahasa Indonesia agar ia tahu bahwa ia harus menghormati bahasa negara ini.,Menghubungi kedutaan besar negaranya untuk datang menjemput WNA tersebut karena merepotkan.,Mengabaikannya dan memanggil nomor antrean berikutnya sampai ia membawa penerjemah sendiri.,3,5,1,4,2,"Pelayanan Publik, Sosbud, & TIK. Penggunaan alat bantu teknologi (aplikasi penerjemah) menunjukkan daya adaptasi TIK untuk memecahkan hambatan sosial budaya (bahasa) demi memberikan pelayanan prima secara sabar dan inklusif.",,,,,,
97,TKP,Jejaring Kerja,,Mengerjakan seluruh porsi tugas anggota tersebut sendirian karena Anda adalah ketua yang harus bertanggung jawab.,Membiarkan jadwal pengadaan mundur dan menyalahkan anggota tersebut dalam laporan akhir.,Melaporkannya ke atasan agar ia segera diberikan Surat Peringatan (SP) dan dikeluarkan dari kepanitiaan.,Mempermalukannya di depan anggota panitia lain saat rapat evaluasi agar ia merasa bersalah.,"Memanggilnya secara personal untuk berdiskusi, memahami beban kerjanya, dan mencoba merestrukturisasi pendelegasian tugas atau menyesuaikan tenggat waktu mikro agar kedua tanggung jawabnya bisa berjalan seimbang.",3,4,2,1,5,"Jejaring Kerja & Profesionalisme. Kepemimpinan dan manajemen konflik. Berdiskusi untuk merestrukturisasi beban kerja (*workload management*) menunjukkan empati sekaligus fokus pada penyelesaian tujuan (*result-oriented*), dibanding sekadar menghukum atau mengambil alih tugas secara pasrah.",,,,,,
98,TKP,Profesionalisme,,Mengeluh di media sosial tentang manajemen kantor yang buruk sebelum berangkat melakukan presentasi.,Menolak dengan tegas karena itu bukan *job desc* Anda dan Anda memiliki tenggat waktu sendiri yang krusial.,Mengerjakan keduanya secara bersamaan dalam 3 jam tersebut meskipun hasilnya nanti sama-sama tidak maksimal.,Menerima tugas presentasi tersebut dengan syarat atasan memberikan bonus tambahan di luar gaji.,"Menerima penugasan darurat tersebut, lalu bernegosiasi dengan atasan untuk mendelegasikan penyelesaian sisa laporan akhir bulan Anda kepada rekan lain atau meminta perpanjangan waktu *deadline* laporan hingga besok pagi.",4,2,3,1,5,"Profesionalisme & Jejaring Kerja. Menunjukkan keluwesan (*agility*) dan loyalitas pada institusi dalam kondisi krisis/darurat, namun tetap rasional dengan melakukan negosiasi ulang beban kerja (mendelegasikan tugas asal atau meminta perpanjangan waktu) agar semua *output* terjaga kualitasnya.",,,,,,
99,TKP,Sosial Budaya,,Mengeluarkan pegawai senior tersebut dari grup WhatsApp karena dianggap intoleran dan radikal.,Membalas pesannya di grup dengan mengutip ayat-ayat suci untuk membuktikan bahwa pemahamannya salah.,Mengabaikan pesannya dan membiarkan anggota grup lain yang berdebat dengannya secara terbuka.,Ikut membenarkan pernyataannya agar Anda tidak dimusuhi oleh kelompok pegawai senior.,"Secara pribadi menghubungi pegawai tersebut, menghargai batas keyakinan teologisnya, namun mengingatkannya secara etis agar menjaga pemilihan kata di ruang publik (grup kantor) demi menjaga keharmonisan kebhinekaan di instansi.",2,1,4,3,5,"Anti-radikalisme, Sosbud, & Profesionalisme. ASN wajib merawat kebhinekaan. Memaksa keyakinan teologis seseorang melanggar HAM, namun ekspresi intoleran di ruang publik kedinasan harus dikelola. Pendekatan persuasif-korektif secara privat (japri) mencegah konflik horizontal tanpa memicu debat *toxic* di grup.",,,,,,
100,TKP,Pelayanan Publik,,Bersembunyi dan membiarkan polisi serta satpam yang membubarkan massa karena terlalu berbahaya.,Menyuruh warga untuk mencari sendiri penyebar hoaks tersebut dan meminta ganti rugi kepadanya.,Memarahi warga karena begitu mudah tertipu oleh pesan WhatsApp yang tidak masuk akal.,"Segera turun menemui perwakilan massa bersama aparat keamanan untuk memberikan klarifikasi langsung secara empati, serta secara serentak mempublikasikan *counter-narrative* (klarifikasi hoaks) berupa infografis jelas di semua kanal media sosial resmi dan media massa lokal.",Membuat rilis pers di *website* yang hanya bisa diakses menggunakan internet berkecepatan tinggi.,2,1,4,5,3,"Pelayanan Publik, TIK, & Manajemen Krisis. Staf Humas harus tanggap darurat (hadir menenangkan massa dengan kawalan aparat) dan menguasai mitigasi digital (*counter-narrative* masif multi-platform) untuk menghentikan efek domino penyebaran hoaks.",,,,,,
101,TKP,Pelayanan Publik,,Menyuruh warga untuk menabung dan patungan menyewa mobil ke kota demi memenuhi syarat administrasi.,Menolak memproses dokumen karena SOP adalah harga mati yang tidak bisa ditawar oleh ASN.,"Menggunakan kamera *smartphone* pribadi Anda dan aplikasi *editing* sederhana untuk memotret warga dengan latar belakang merah secara digital, lalu mencetaknya menggunakan *printer* kantor agar pelayanan tetap berjalan.","Mengganti latar belakang foto menjadi warna bebas asalkan wajah warga terlihat jelas, dan mengabaikan SOP pusat.",Meminta atasan di pusat untuk mencabut syarat foto tersebut khusus untuk daerah Anda secara lisan.,1,2,5,3,4,"Pelayanan Publik, TIK, & Profesionalisme. Pemecahan masalah secara inovatif (*creative problem solving*). Menggunakan teknologi yang ada (kamera HP dan *printer* kantor) memfasilitasi kebutuhan warga rentan tanpa melanggar spesifikasi SOP (foto tetap berlatar merah).",,,,,,
102,TKP,Profesionalisme,,Memaki atasan tersebut dan langsung mengajukan surat permohonan mutasi ke divisi lain.,Mengurangi beban kerja Anda di tahun berikutnya agar sesuai dengan nilai buruk yang diberikan atasan.,Membicarakan keburukan atasan baru tersebut kepada seluruh rekan kantor agar ia tidak dihormati.,"Meminta waktu untuk berdiskusi *one-on-one* dengan atasan, menyajikan matriks data, *logbook* digital, dan *portofolio* hasil kerja teknis Anda yang terukur selama setahun untuk memberikan perspektif objektif dan meminta peninjauan ulang yang konstruktif.",Menerima penilaian tersebut dengan pasrah karena atasan memiliki hak prerogatif penuh.,1,4,3,5,2,"Profesionalisme & Komunikasi Asertif. Penilaian bias karena ketidaktahuan atasan diatasi bukan dengan konfrontasi emosional atau sikap pasif, melainkan dengan klarifikasi berbasis data (*evidence-based*) yang elegan dan terukur.",,,,,,
103,TKP,TIK,,Mengejek instansi mitra tersebut di forum rapat kordinasi daerah karena masih menggunakan cara kuno.,Menolak mentah-mentah dokumen fisik tersebut dan memulangkan kurirnya tanpa tanda terima.,Menerima dokumen fisik tersebut selamanya agar hubungan personal antar pimpinan tetap harmonis.,"Menerima dokumen fisik tersebut untuk kelancaran pelayanan jangka pendek, namun Anda secara proaktif mendatangi instansi mitra tersebut untuk melakukan *transfer of knowledge* dan mendemonstrasikan protokol keamanan SPBE secara langsung.",Membuat laporan pelanggaran ke kementerian pusat agar instansi mitra tersebut diberi teguran keras.,4,1,2,5,3,Jejaring Kerja & TIK. Mengedukasi *stakeholder* (mentransfer *knowledge*) adalah kunci transformasi digital. Menerima sementara demi kelancaran operasional lalu proaktif memberikan pendampingan teknologi (*change management*) menunjukkan kolaborasi yang sangat kuat.,,,,,,
104,TKP,Pelayanan Publik,,"Memintanya dengan sopan namun sangat tegas untuk tetap mengambil nomor antrean sesuai SOP, karena sistem antrean diawasi secara elektronik dan semua warga memiliki hak pelayanan yang setara.",Menyerahkan pelayanan orang tersebut kepada atasan Anda agar Anda tidak perlu berurusan dengan politik lokal.,Berpura-pura sistem sedang *error* sehingga Anda tidak bisa melayaninya saat itu juga.,Segera melayaninya agar Anda terhindar dari masalah dan kemarahan pejabat tersebut.,Berdebat dengannya dan menantangnya untuk membuktikan ancamannya tersebut di depan warga lain.,5,3,4,2,1,"Integritas & Pelayanan Publik. ASN dituntut adil dan tidak diskriminatif. Menolak intervensi (*nepotisme/conflict of interest*) secara sopan, asertif, dan bersandar pada aturan (SOP elektronik) adalah manifestasi *core values* BerAKHLAK.",,,,,,
105,TKP,Anti-radikalisme,,"Berkoordinasi kilat dengan ketua panitia lapangan dan aparat pendamping untuk segera menghentikan sesi narasumber tersebut dengan alasan teknis (misal: waktu habis/gangguan *sound*), lalu memberikan sesi *debriefing* pemulihan wawasan kebangsaan kepada para pelajar.","Langsung naik ke atas panggung, merebut mikrofon dari narasumber, dan membubarkan acara tersebut.",Merekam ceramah tersebut dan memviralkannya di media sosial agar narasumber tersebut ditangkap polisi.,"Membiarkan acara berlangsung hingga selesai karena menghormati narasumber pilihan panitia pusat, lalu mencatatnya di laporan akhir.",Meninggalkan lokasi perkemahan karena tidak ingin mendengarkan ceramah yang bertentangan dengan prinsip Anda.,5,1,3,2,4,"Anti-radikalisme & Profesionalisme. Melindungi generasi muda dari paparan radikalisme adalah keharusan. Menghentikan sesi secara taktis (alasan teknis) mencegah kegaduhan fisik di depan anak sekolah, diikuti langkah krusial *debriefing* (pemulihan narasi kebangsaan) agar siswa tidak bingung/terpapar.",,,,,,
106,TKP,Profesionalisme,,"Berbicara dari hati ke hati secara profesional, mengingatkan bahwa *slow response*-nya menghambat target tim, dan memintanya berkomitmen pada jam kerja instansi. Jika tidak berubah, Anda akan eskalasi ke atasan.",Mengeluarkan rekan tersebut dari grup koordinasi kerja agar ia tidak mendapatkan informasi penting.,Membiarkannya saja karena di era modern wajar jika ASN memiliki *side hustle* (pekerjaan sampingan) untuk tambahan penghasilan.,"Mengumpulkan bukti *screenshot* keterlambatannya dan media sosialnya, lalu melaporkannya secara anonim ke Inspektorat.",Meniru jejaknya dengan ikut berbisnis *online* saat giliran Anda WFH agar adil dan sama-sama untung.,5,4,2,3,1,Profesionalisme & Jejaring Kerja. WFH bukan hari libur atau waktu untuk bisnis pribadi (*conflict of interest* waktu kerja). Pendekatan asertif (*peer-to-peer correction*) adalah langkah pertama yang bijak sebelum melakukan eskalasi struktural.,,,,,,
107,TKP,Sosial Budaya,,Meminta pindah divisi ke HRD hari itu juga karena lingkungan kerja sangat *toxic* dan rasis.,"Tersenyum sopan, lalu secara santai namun asertif menyatakan bahwa lelucon tersebut membuat Anda kurang nyaman, dan perlahan mengalihkan pembicaraan ke topik pekerjaan atau hobi yang lebih netral.","Langsung berdiri, menggebrak meja, dan menuduh mereka semua sebagai kelompok rasis yang melanggar HAM.",Menghindari interaksi sosial sama sekali dan hanya berbicara dengan mereka sebatas urusan kerja formal di jam kerja.,Tertawa dan ikut mengejek etnis Anda sendiri agar Anda cepat diterima dalam pergaulan mereka (*people pleaser*).,3,5,1,4,2,Sosial Budaya & Jejaring Kerja. *Micro-aggression* sering terjadi tanpa niat jahat. Merespons dengan asertif (menyatakan ketidaknyamanan tanpa konfrontasi agresif) mengedukasi rekan kerja untuk lebih peka secara kultural sekaligus menjaga keharmonisan tim.,,,,,,
108,TKP,Pelayanan Publik,,"Mempersilakan mereka demo karena itu adalah hak demokrasi, dan Anda berlindung di dalam kantor.","Membentuk 'Posko Relawan Digital' di balai desa, berkolaborasi dengan perangkat desa dan pemuda karang taruna setempat untuk memfasilitasi *input* data massal petani lansia ke dalam sistem aplikasi secara gotong royong.",Menggunakan satu akun Anda untuk mendaftarkan semua ratusan petani tersebut secara paksa meskipun melanggar *database* kependudukan.,Menghubungi kementerian untuk menghapus sistem digital tersebut selamanya karena menyusahkan rakyat kecil.,Bersikeras bahwa mereka harus membeli *smartphone* jika ingin mendapatkan pupuk karena Anda tidak bisa melanggar aturan sistem dari pusat.,2,5,4,3,1,"Pelayanan Publik, Jejaring Kerja, & TIK. Menggabungkan solusi teknologi dengan kearifan sosial. Membentuk posko relawan melibatkan elemen masyarakat (*collaborative governance*) untuk menjembatani kesenjangan digital (*digital divide*) tanpa merusak regulasi pusat.",,,,,,
109,TKP,Profesionalisme,,"Menolak dengan halus namun tegas, menyusun nota dinas yang merinci data risiko teknis pencemaran air berserta landasan hukum pidana lingkungan hidup, dan mengusulkan opsi *redesign* sistem pembuangan limbah kepada pemrakarsa proyek.",Mengikuti perintah atasan untuk meloloskan dokumen tersebut karena tanggung jawab akhir ada di tangan pimpinan yang menandatangani.,Menyebarkan dokumen risiko lingkungan tersebut ke aktivis LSM dan wartawan lingkungan agar pabrik didemo.,Mengerjakan laporan sesuai pesanan namun Anda menolak untuk membubuhkan paraf atau inisial Anda di dokumen tersebut.,Mengundurkan diri dari tim AMDAL tersebut dengan alasan sakit berkepanjangan agar terhindar dari dosa.,5,1,2,4,3,Profesionalisme & Integritas. Etika teknokratik ASN menuntut kejujuran ilmiah dan kepatuhan hukum di atas tekanan politis/atasan (UU ASN: tidak taat pada perintah yang bertentangan dengan hukum). Memberikan analisis dampak dan menawarkan alternatif *redesign* menunjukkan sifat *problem solver* yang kompeten.,,,,,,
110,TKP,Pelayanan Publik,,"Segera melapor ke atasan dan Humas, menyerahkan rekaman CCTV utuh loket sebagai bukti autentik, lalu mendukung instansi untuk merilis video klarifikasi resmi yang profesional tanpa perlu menyerang balik warga pembuat konten tersebut.",Membalas komentar netizen satu per satu dengan akun anonim palsu untuk membela diri Anda dengan agresif.,Mencari alamat warga penyebar video tersebut dan membawa polisi untuk menangkapnya dengan pasal UU ITE tentang pencemaran nama baik.,Membuat video balasan di TikTok pribadi Anda sambil menangis meminta keadilan dari masyarakat.,"Merasa depresi, mengunci seluruh akun media sosial Anda, dan menolak pergi bekerja karena trauma.",5,1,3,4,2,"TIK, Pelayanan Publik, & Profesionalisme. Di era *cancel culture* dan viralitas, klarifikasi harus berbasis data objektif (CCTV) dan disalurkan secara institusional (via Humas), bukan reaktif personal (berbalas pantun di medsos). Menghindari sikap pendendam (tidak langsung memenjarakan) menunjukkan kematangan emosional pelayanan publik.",,,,,,
