number,segment,content,option_a,option_b,option_c,option_d,option_e,score_a,score_b,score_c,score_d,score_e,discussion
1,TWK,"Pancasila sebagai dasar negara Indonesia pertama kali dirumuskan dalam sidang BPUPKI oleh ...","Ir. Soekarno","Mohammad Hatta","Mr. Soepomo","K.H. Agus Salim","Ahmad Soebardjo",5,0,0,0,0,"Ir. Soekarno menyampaikan rumusan dasar negara yang kemudian diberi nama Pancasila dalam sidang BPUPKI pada tanggal 1 Juni 1945."
2,TWK,"Sila kedua Pancasila berbunyi 'Kemanusiaan yang Adil dan Beradab'. Pengamalan sila ini dalam kehidupan sehari-hari ditunjukkan oleh sikap ...","Mengutamakan kepentingan kelompok sendiri di atas segalanya","Mengakui persamaan derajat dan hak setiap manusia tanpa membedakan suku dan agama","Mematuhi semua perintah atasan tanpa terkecuali","Hanya bergaul dengan orang yang satu keyakinan","Menolak bantuan dari negara asing dalam kondisi apapun",0,5,0,0,0,"Sila kedua menekankan penghargaan terhadap harkat dan martabat manusia serta pengakuan persamaan derajat tanpa diskriminasi."
3,TWK,"Semangat Sumpah Pemuda 28 Oktober 1928 yang paling relevan dengan kehidupan berbangsa saat ini adalah ...","Menggunakan bahasa daerah dalam forum resmi kenegaraan","Memprioritaskan kepentingan daerah asal di atas kepentingan nasional","Mempertahankan persatuan dan kesatuan bangsa di tengah keberagaman","Menghapuskan semua tradisi lokal demi modernisasi","Membentuk negara federal berdasarkan kepulauan",0,0,5,0,0,"Sumpah Pemuda menegaskan semangat persatuan: satu tanah air, satu bangsa, dan satu bahasa. Nilai ini tetap relevan untuk menjaga keutuhan NKRI di tengah kemajemukan."
4,TWK,"Lambang negara Garuda Pancasila ditetapkan berdasarkan ...","Peraturan Pemerintah Nomor 66 Tahun 1951","UU Nomor 24 Tahun 2009","Keputusan Presiden Nomor 10 Tahun 1950","Instruksi Menteri Pendidikan Tahun 1949","TAP MPR Nomor I Tahun 1945",0,0,5,0,0,"Lambang negara Garuda Pancasila ditetapkan berdasarkan PP No. 66 Tahun 1951. Namun penetapan bentuk dan rupa resminya melalui Keppres No. 10 Tahun 1950 yang mengesahkan rancangan Sultan Hamid II."
5,TWK,"Wawasan Nusantara merupakan cara pandang bangsa Indonesia terhadap diri dan lingkungannya yang dilandasi oleh ...","Kepentingan ekonomi semata","Superioritas militer","Kesatuan wilayah dan persatuan bangsa berdasarkan Pancasila dan UUD 1945","Dominasi suku mayoritas","Kebijakan luar negeri yang agresif",0,0,5,0,0,"Wawasan Nusantara adalah cara pandang bangsa Indonesia berdasarkan Pancasila dan UUD 1945 tentang diri dan lingkungannya dalam mengekspresikan jati diri sebagai bangsa yang merdeka, berdaulat, dan bermartabat."
6,TWK,"Salah satu tujuan nasional Indonesia yang tercantum dalam Pembukaan UUD 1945 alinea keempat adalah ...","Menjadi negara superpower dunia","Mencerdaskan kehidupan bangsa","Membangun hegemoni di Asia Tenggara","Menghapuskan semua pajak bagi rakyat","Menjadikan bahasa Inggris sebagai bahasa resmi kedua",0,5,0,0,0,"Alinea IV Pembukaan UUD 1945 menyebutkan empat tujuan nasional: (1) melindungi segenap bangsa, (2) memajukan kesejahteraan umum, (3) mencerdaskan kehidupan bangsa, (4) ikut melaksanakan ketertiban dunia."
7,TWK,"Bhinneka Tunggal Ika sebagai semboyan negara mengandung makna bahwa bangsa Indonesia ...","Harus menyeragamkan seluruh budaya yang ada","Menghargai keberagaman namun tetap bersatu sebagai satu bangsa","Mengutamakan budaya mayoritas sebagai budaya nasional","Menolak pengaruh budaya asing","Bersatu hanya dalam bidang politik saja",0,5,0,0,0,"Bhinneka Tunggal Ika berasal dari Kitab Sutasoma karya Mpu Tantular, bermakna 'berbeda-beda tetapi tetap satu'. Semboyan ini menegaskan bahwa keberagaman suku, agama, ras, dan budaya adalah kekuatan bangsa yang harus disatukan."
8,TWK,"Pasal 1 ayat (2) UUD 1945 menyatakan bahwa kedaulatan berada di tangan rakyat dan dilaksanakan menurut ...","Kehendak presiden","Keputusan DPR","Undang-Undang Dasar","Keputusan MPR","Hukum adat setempat",0,0,5,0,0,"Pasal 1 ayat (2) UUD 1945 hasil amandemen ketiga menyatakan: 'Kedaulatan berada di tangan rakyat dan dilaksanakan menurut Undang-Undang Dasar.'"
9,TWK,"Lembaga negara yang berwenang menguji undang-undang terhadap UUD 1945 (judicial review) adalah ...","Mahkamah Agung","Dewan Perwakilan Rakyat","Mahkamah Konstitusi","Badan Pemeriksa Keuangan","Komisi Yudisial",0,0,5,0,0,"Berdasarkan Pasal 24C UUD 1945, Mahkamah Konstitusi berwenang mengadili pada tingkat pertama dan terakhir yang putusannya bersifat final untuk menguji undang-undang terhadap UUD."
10,TWK,"Amandemen UUD 1945 telah dilakukan sebanyak ... kali sejak era reformasi.","Dua","Tiga","Empat","Lima","Enam",0,0,5,0,0,"UUD 1945 telah diamandemen sebanyak 4 kali: (1) 1999, (2) 2000, (3) 2001, (4) 2002. Amandemen bertujuan menyempurnakan aturan dasar tata negara."
11,TWK,"Hak warga negara untuk mendapatkan pendidikan dijamin dalam UUD 1945 Pasal ...","28","29","30","31","32",0,0,0,5,0,"Pasal 31 ayat (1) UUD 1945 menyatakan: 'Setiap warga negara berhak mendapat pendidikan.' Ayat (2) mewajibkan setiap warga negara mengikuti pendidikan dasar."
12,TWK,"Sistem pemerintahan yang dianut Indonesia berdasarkan UUD 1945 adalah ...","Parlementer","Presidensial","Semi-presidensial","Federal","Monarki konstitusional",0,5,0,0,0,"Indonesia menganut sistem pemerintahan presidensial di mana Presiden berkedudukan sebagai kepala negara sekaligus kepala pemerintahan, dipilih langsung oleh rakyat."
13,TWK,"Bentuk negara Indonesia berdasarkan Pasal 1 ayat (1) UUD 1945 adalah ...","Kerajaan","Republik","Federal","Serikat","Konfederasi",0,5,0,0,0,"Pasal 1 ayat (1) UUD 1945 menyatakan: 'Negara Indonesia ialah Negara Kesatuan, yang berbentuk Republik.'"
14,TWK,"MPR memiliki kewenangan untuk mengubah dan menetapkan UUD 1945 sebagaimana diatur dalam Pasal ...","2","3","4","5","6",0,5,0,0,0,"Pasal 3 ayat (1) UUD 1945 menyatakan: 'Majelis Permusyawaratan Rakyat berwenang mengubah dan menetapkan Undang-Undang Dasar.'"
15,TWK,"Seorang ASN menerima hadiah dari pihak yang memiliki kepentingan dengan instansinya. Sikap yang menunjukkan integritas adalah ...","Menerima hadiah karena sudah menjadi kebiasaan","Menolak hadiah dan melaporkannya sesuai ketentuan yang berlaku","Menerima hadiah lalu membagikannya kepada rekan kerja","Menerima hadiah tetapi tidak memengaruhi keputusan","Menyimpan hadiah untuk keperluan pribadi",0,5,0,0,0,"Integritas ASN menuntut penolakan terhadap gratifikasi. Sesuai UU No. 20 Tahun 2001 tentang Pemberantasan Tindak Pidana Korupsi, penerimaan gratifikasi wajib dilaporkan ke KPK dalam waktu 30 hari."
16,TWK,"Seorang pegawai menemukan kesalahan dalam laporan keuangan yang dibuat oleh atasannya. Sikap yang paling berintegritas adalah ...","Mengabaikan karena itu urusan atasan","Melapor langsung ke media massa","Menyampaikan temuan secara profesional kepada atasan dan mengusulkan perbaikan","Membicarakan di belakang dengan rekan kerja","Menunggu hingga ada audit eksternal",0,0,5,0,0,"Integritas menuntut keberanian untuk menyampaikan kebenaran secara profesional. Koreksi internal yang dilakukan secara sopan dan konstruktif menunjukkan kejujuran dan tanggung jawab."
17,TWK,"Prinsip akuntabilitas dalam penyelenggaraan pemerintahan bermakna bahwa ...","Pejabat publik hanya bertanggung jawab kepada atasannya","Setiap kebijakan dan tindakan pejabat publik dapat dipertanggungjawabkan kepada publik","Program pemerintah tidak perlu dievaluasi","Laporan keuangan cukup diketahui internal saja","Rakyat tidak perlu mengetahui penggunaan anggaran",0,5,0,0,0,"Akuntabilitas adalah prinsip di mana setiap penyelenggara negara harus mempertanggungjawabkan pelaksanaan tugas dan fungsinya kepada publik sesuai peraturan perundang-undangan."
18,TWK,"Whistle-blowing dalam konteks antikorupsi adalah tindakan ...","Menyebarkan hoaks tentang pejabat yang tidak disukai","Mengungkapkan praktik pelanggaran atau korupsi di dalam organisasi kepada pihak berwenang","Membocorkan rahasia negara ke media","Melakukan aksi protes di depan kantor","Mengancam atasan agar memberikan kenaikan pangkat",0,5,0,0,0,"Whistle-blower (pelapor pelanggaran) berperan penting dalam pemberantasan korupsi. Mereka dilindungi oleh UU No. 13 Tahun 2006 tentang Perlindungan Saksi dan Korban."
19,TWK,"Seorang ASN mengetahui data statistik yang akan dipublikasikan mengandung manipulasi. Ia kemudian memilih untuk melaporkan hal tersebut kepada inspektorat. Sikap tersebut mencerminkan nilai ...","Nepotisme","Kolusi","Integritas","Pragmatisme","Oportunisme",0,0,5,0,0,"Melaporkan ketidakbenaran data kepada pihak berwenang merupakan wujud integritas, yaitu konsistensi antara tindakan dengan nilai kejujuran dan kebenaran."
20,TWK,"Sikap yang paling tepat bagi seorang ASN ketika terjadi konflik kepentingan antara tugas jabatan dan kepentingan pribadi adalah ...","Mengutamakan kepentingan pribadi jika tidak ada yang mengetahui","Mendahulukan kepentingan dinas dan melaporkan potensi konflik kepentingan","Meminta rekan kerja menggantikan tugasnya tanpa penjelasan","Menunda penyelesaian tugas hingga konflik selesai","Menyelesaikan kepentingan pribadi terlebih dahulu baru mengerjakan tugas",0,5,0,0,0,"Sesuai PP No. 94 Tahun 2021, ASN wajib mengutamakan kepentingan negara/dinas di atas kepentingan pribadi dan melaporkan potensi konflik kepentingan."
21,TWK,"Sistem pertahanan negara Indonesia berdasarkan UU No. 3 Tahun 2002 menganut sistem ...","Pertahanan militer murni","Pertahanan rakyat semesta","Pertahanan profesional","Pertahanan aliansi militer","Pertahanan pasif",0,5,0,0,0,"UU No. 3 Tahun 2002 tentang Pertahanan Negara menyatakan Indonesia menganut sistem pertahanan rakyat semesta (Sishankamrata) yang melibatkan seluruh komponen bangsa."
22,TWK,"Pasal 27 ayat (3) UUD 1945 menyatakan bahwa setiap warga negara berhak dan wajib ikut serta dalam ...","Pemilihan umum","Pembangunan ekonomi","Upaya pertahanan dan keamanan negara","Organisasi kemasyarakatan","Kegiatan partai politik",0,0,5,0,0,"Pasal 27 ayat (3) UUD 1945 menyatakan: 'Setiap warga negara berhak dan wajib ikut serta dalam upaya pembelaan negara.'"
23,TWK,"Ancaman terhadap NKRI yang bersifat non-militer di era modern antara lain ...","Invasi militer negara tetangga","Penyebaran ideologi radikal melalui media sosial dan hoaks","Serangan udara dari negara asing","Pendudukan wilayah perbatasan","Blokade laut oleh angkatan laut asing",0,5,0,0,0,"Ancaman non-militer meliputi ideologi, politik, ekonomi, sosial budaya, teknologi, dan keamanan publik. Penyebaran radikalisme via media sosial termasuk ancaman non-militer yang serius di era digital."
24,TWK,"Komponen cadangan dalam sistem pertahanan negara terdiri atas ...","Hanya prajurit TNI","Seluruh warga negara, sumber daya alam, sumber daya buatan, dan sarana prasarana","Hanya polisi dan tentara","Hanya lembaga swadaya masyarakat","Hanya veteran dan purnawirawan",0,5,0,0,0,"Berdasarkan UU No. 3 Tahun 2002, komponen cadangan meliputi warga negara, sumber daya alam, sumber daya buatan, serta sarana dan prasarana yang disiapkan untuk memperbesar dan memperkuat komponen utama."
25,TWK,"Patriotisme dalam konteks ASN modern diwujudkan melalui ...","Berperang di medan pertempuran","Mengutamakan produk luar negeri untuk efisiensi","Bekerja dengan dedikasi tinggi untuk melayani masyarakat dan memajukan bangsa","Menolak semua bentuk kerja sama internasional","Memperbesar anggaran militer",0,0,5,0,0,"Di era modern, patriotisme ASN diwujudkan melalui dedikasi profesional dalam pelayanan publik, inovasi untuk kemajuan bangsa, dan menjaga kedaulatan negara melalui peran masing-masing."
26,TWK,"Bela negara bagi seorang pelajar dapat diwujudkan melalui ...","Wajib mengikuti pelatihan militer","Belajar dengan sungguh-sungguh dan menjaga persatuan di lingkungan sekolah","Mengabaikan pelajaran sejarah","Hanya mementingkan nilai akademis","Membentuk kelompok eksklusif berdasarkan suku",0,5,0,0,0,"Pasal 9 ayat (2) UU No. 3 Tahun 2002 menyebutkan bela negara mencakup pendidikan kewarganegaraan, pelatihan dasar militer, pengabdian sebagai prajurit TNI, dan pengabdian sesuai profesi."
27,TWK,"Kata baku yang benar menurut KBBI adalah ...","analisa","metoda","analisis","praktek","sistim",0,0,5,0,0,"Berdasarkan KBBI dan Pedoman Umum Ejaan Bahasa Indonesia (PUEBI), bentuk baku yang benar adalah 'analisis' (bukan 'analisa'), 'metode' (bukan 'metoda'), 'praktik' (bukan 'praktek'), dan 'sistem' (bukan 'sistim')."
28,TWK,"Penggunaan tanda koma (,) yang tepat terdapat pada kalimat ...","Ia membeli buku, pensil dan tas.","Oleh karena itu, kita harus belajar lebih giat.","Saya pergi, ke pasar kemarin sore.","Ibu memasak, nasi goreng untuk sarapan.","Dia berlari, sangat cepat sekali.",0,5,0,0,0,"Tanda koma digunakan setelah kata penghubung antarkalimat seperti 'oleh karena itu', 'namun', 'akan tetapi' di awal kalimat. Kalimat B menerapkan aturan ini dengan benar."
29,TWK,"Kalimat efektif adalah kalimat yang memenuhi syarat kesepadanan, kehematan, dan kelogisan. Contoh kalimat efektif adalah ...","Bagi para siswa-siswa diharapkan mengumpulkan tugas.","Kepada Bapak Kepala Sekolah kami persilakan untuk memberikan sambutan.","Rapat itu membahas tentang kenaikan gaji karyawan.","Pemerintah telah menetapkan kebijakan baru terkait pendidikan nasional.","Di dalam di surat kabar itu dimuat berita gempa.",0,0,0,5,0,"Kalimat D memenuhi syarat efektif: subjek jelas (Pemerintah), predikat tepat (menetapkan), objek ada (kebijakan baru), dan keterangan lengkap. Kalimat lain mengandung pemborosan kata atau ketidaklogisan."
30,TWK,"Makna kata 'resesi' dalam bidang ekonomi adalah ...","Peningkatan drastis nilai mata uang","Penurunan aktivitas ekonomi secara signifikan dalam periode tertentu","Kenaikan harga barang secara umum dan terus-menerus","Keseimbangan antara ekspor dan impor","Peningkatan produksi industri dalam negeri",0,5,0,0,0,"Resesi ekonomi adalah penurunan signifikan aktivitas ekonomi yang berlangsung lebih dari beberapa bulan, terlihat dari penurunan PDB, pendapatan riil, lapangan kerja, produksi industri, dan penjualan."
31,TIU,"Jika 3x + 7 = 22, maka nilai x adalah ...",3,4,5,6,7,0,0,5,0,0,3x + 7 = 22; 3x = 15; x = 5.
32,TIU,Sebuah toko memberikan diskon 20% untuk barang seharga Rp250.000. Harga yang harus dibayar adalah ...,Rp150.000,Rp175.000,Rp200.000,Rp225.000,Rp180.000,0,0,5,0,0,Diskon 20% dari 250.000 = 50.000. Harga bayar = 250.000 - 50.000 = Rp200.000.
33,TIU,"Bak air dapat diisi penuh dalam 6 jam oleh keran A dan 4 jam oleh keran B. Jika keduanya dibuka bersamaan, bak penuh dalam ...",2 jam,2 jam 12 menit,2 jam 24 menit,3 jam,3 jam 30 menit,0,0,5,0,0,"Keran A = 1/6 per jam, keran B = 1/4 per jam. Gabungan = 5/12 per jam. Waktu = 12/5 = 2,4 jam = 2 jam 24 menit."
34,TIU,"Tentukan angka berikutnya dalam deret: 2, 6, 18, 54, ...",108,152,162,172,180,0,0,5,0,0,Deret geometri dengan rasio 3. 54 x 3 = 162.
35,TIU,"Tentukan angka berikutnya: 1, 4, 9, 16, 25, ...",30,32,36,40,49,0,0,5,0,0,"Deret bilangan kuadrat: 1 pangkat 2, 2 pangkat 2, dst. Berikutnya 6 pangkat 2 = 36."
36,TIU,"Tentukan angka berikutnya: 3, 7, 15, 31, 63, ...",95,121,127,130,255,0,0,5,0,0,Pola: suku x 2 + 1. Jadi 63 x 2 + 1 = 127.
37,TIU,"Tentukan angka berikutnya: 120, 108, 96, 84, 72, ...",58,60,64,66,68,0,5,0,0,0,Deret aritmatika turun 12. 72 - 12 = 60.
38,TIU,Pedagang membeli 50 kg beras Rp500.000 lalu menjual Rp12.000/kg. Persentase keuntungannya adalah ...,10%,15%,20%,25%,30%,0,0,5,0,0,Harga beli/kg = 10.000. Untung/kg = 2.000. Persentase = 2.000/10.000 x 100% = 20%.
39,TIU,"Andi menyelesaikan pekerjaan dalam 12 hari, Budi dalam 15 hari. Jika bersama, pekerjaan selesai dalam ...",5 hari 10 jam,6 hari,6 hari 16 jam,7 hari,8 hari,0,0,5,0,0,"Andi = 1/12, Budi = 1/15. Bersama = 9/60 = 3/20. Waktu = 20/3 = 6,67 hari = 6 hari 16 jam."
40,TIU,"Jika 2P = 68 dan 3Q = 81, maka hubungan P dan Q adalah ...",P lebih besar dari Q,P lebih kecil dari Q,P sama dengan Q,P sama dengan 2Q,Tidak dapat ditentukan,5,0,0,0,0,"P = 34, Q = 27. Maka P lebih besar dari Q."
41,TIU,"Jika X = 30% dari 400 dan Y = 40% dari 300, maka ...",X sama dengan Y,X lebih besar dari Y,X lebih kecil dari Y,X dua kali Y,Tidak dapat ditentukan,5,0,0,0,0,"X = 120, Y = 120. Maka X = Y."
42,TIU,"Perbandingan uang Rani dan Siti adalah 3:5. Jika uang Siti Rp200.000, maka uang Rani ...",Rp100.000,Rp120.000,Rp150.000,Rp160.000,Rp180.000,0,5,0,0,0,1 bagian = 200.000/5 = 40.000. Rani = 3 x 40.000 = 120.000.
43,TIU,"Rata-rata nilai 5 siswa adalah 78. Jika satu siswa bernilai 68 diganti siswa baru, rata-rata menjadi 80. Nilai siswa baru adalah ...",78,80,82,86,88,5,0,0,0,0,Total awal = 5 x 78 = 390. Total baru = 5 x 80 = 400. Total tanpa siswa lama = 390 - 68 = 322. Nilai siswa baru = 400 - 322 = 78.
44,TIU,Mobil menempuh 180 km dalam 3 jam. Kecepatan rata-ratanya adalah ...,50 km/jam,55 km/jam,60 km/jam,65 km/jam,70 km/jam,0,0,5,0,0,Kecepatan = 180/3 = 60 km/jam.
45,TIU,Luas segitiga dengan alas 14 cm dan tinggi 10 cm adalah ...,50 cm persegi,60 cm persegi,70 cm persegi,80 cm persegi,140 cm persegi,0,0,5,0,0,Luas = 1/2 x 14 x 10 = 70 cm persegi.
46,TIU,PADI : SAWAH = IKAN : ...,Kolam,Laut,Sungai,Danau,Akuarium,0,5,0,0,0,"Padi hidup/tumbuh di sawah, ikan hidup di laut. Keduanya menunjukkan hubungan makhluk hidup dan habitat aslinya."
47,TIU,KANTUK : KEPENATAN = MARAH : ...,Tidur,Kegeraman,Ekspresi,Kegembiraan,Lemas,0,5,0,0,0,"Kantuk adalah akibat dari kepenatan, marah adalah akibat dari kegeraman. Hubungan sebab-akibat."
48,TIU,DOKTER : STETOSKOP = PELUKIS : ...,Kanvas,Galeri,Kuas,Cat,Museum,0,0,5,0,0,"Dokter menggunakan stetoskop sebagai alat kerja, pelukis menggunakan kuas sebagai alat kerja utama."
49,TIU,Semua ASN harus mengikuti pelatihan. Sebagian ASN telah mengikuti pelatihan. Kesimpulan yang tepat adalah ...,Semua ASN akan mengikuti pelatihan,Sebagian ASN belum mengikuti pelatihan,Semua yang mengikuti pelatihan adalah ASN,Tidak ada ASN yang belum pelatihan,Pelatihan hanya untuk ASN,5,0,0,0,0,"Jika semua ASN harus ikut pelatihan namun baru sebagian yang sudah ikut, maka sebagian ASN belum mengikuti pelatihan. Jawaban A, namun B juga valid. Jawaban paling tepat: A (semua ASN pasti akan ikut sesuai premis 1)."
50,TIU,Jika hujan turun maka jalanan basah. Jalanan tidak basah. Kesimpulan yang paling tepat adalah ...,Hujan turun,Jalanan kering karena panas,Hujan tidak turun,Jalanan sedang diperbaiki,Tidak dapat disimpulkan,0,0,5,0,0,"Modus Tollens: Jika P maka Q. Tidak Q, maka tidak P. Jika hujan maka basah. Tidak basah, maka tidak hujan."
51,TIU,Jika Sinta membeli buku maka ia juga membeli pensil. Jika Sinta membeli pensil maka Devi membeli penggaris. Kesimpulannya ...,Jika Sinta membeli buku maka Devi membeli penggaris,Jika Devi membeli penggaris maka Sinta membeli buku,Sinta selalu membeli pensil,Devi tidak pernah membeli penggaris,Tidak ada kesimpulan,5,0,0,0,0,"Silogisme hipotetis: P -> Q, Q -> R, maka P -> R. Jika buku maka pensil, jika pensil maka penggaris, maka jika buku maka penggaris."
52,TIU,Lawan kata dari SINTESIS adalah ...,Analisis,Tesis,Hipotesis,Antitesis,Empiris,5,0,0,0,0,"Sintesis berarti penggabungan/penyatuan, lawan katanya adalah analisis yang berarti penguraian/pemecahan menjadi bagian-bagian."
53,TIU,Pernyataan yang paling logis berdasarkan data: 75% penduduk desa A bertani. Desa A berpenduduk 4.000 jiwa. Maka ...,Semua penduduk desa A bertani,3.000 penduduk desa A bertani,2.000 penduduk desa A bertani,1.000 penduduk desa A bertani,Tidak ada yang bertani,0,5,0,0,0,75% x 4.000 = 3.000 penduduk desa A bertani.
54,TIU,Diketahui: Semua mahasiswa mengikuti orientasi. Rudi adalah mahasiswa. Kesimpulannya ...,Rudi tidak perlu orientasi,Rudi mungkin mengikuti orientasi,Rudi mengikuti orientasi,Orientasi hanya untuk Rudi,Rudi bukan mahasiswa,0,0,5,0,0,"Silogisme kategoris: Premis mayor semua mahasiswa ikut orientasi, premis minor Rudi adalah mahasiswa, maka kesimpulan Rudi mengikuti orientasi."
55,TIU,Sinonim dari kata AFIRMASI adalah ...,Penolakan,Penegasan,Pembatalan,Pengabaian,Penundaan,0,5,0,0,0,Afirmasi berasal dari bahasa Latin affirmare yang berarti menegaskan. Sinonimnya adalah penegasan atau pernyataan positif.
56,TIU,"Perhatikan pola: Segitiga, Persegi, Pentagon, Heksagon, ... Bangun berikutnya memiliki berapa sisi?",6,7,8,9,10,0,5,0,0,0,"Pola: 3 sisi, 4 sisi, 5 sisi, 6 sisi. Bertambah 1 sisi. Berikutnya 7 sisi (heptagon)."
57,TIU,"Dari lima gambar berikut, manakah yang TIDAK termasuk kelompok yang sama? Lingkaran, Persegi, Segitiga, Kubus, Belah Ketupat",Lingkaran,Persegi,Segitiga,Kubus,Belah Ketupat,0,0,0,5,0,"Lingkaran, persegi, segitiga, dan belah ketupat adalah bangun datar (2D). Kubus adalah bangun ruang (3D), sehingga tidak termasuk kelompok."
58,TIU,"Perhatikan pola rotasi: Panah menunjuk Atas, Kanan, Bawah, Kiri, ... Arah panah berikutnya adalah ...",Atas,Kanan,Bawah,Kiri,Diagonal,5,0,0,0,0,"Panah berotasi 90 derajat searah jarum jam. Setelah Kiri, kembali ke Atas."
59,TIU,"Pola: Kotak hitam di pojok kiri atas, lalu berpindah ke pojok kanan atas, lalu pojok kanan bawah. Posisi berikutnya adalah ...",Pojok kiri atas,Pojok kanan atas,Tengah,Pojok kiri bawah,Tetap di pojok kanan bawah,0,0,0,5,0,Kotak hitam bergerak searah jarum jam: kiri atas -> kanan atas -> kanan bawah -> kiri bawah.
60,TIU,"Pada pola gambar, jumlah titik bertambah: 1, 3, 6, 10, ... Jumlah titik berikutnya adalah ...",12,14,15,16,18,0,0,5,0,0,"Ini adalah deret bilangan segitiga. Pola: +2, +3, +4, +5. Berikutnya 10 + 5 = 15."
61,TIU,"Perhatikan pola: Segitiga di dalam lingkaran, persegi di dalam lingkaran, pentagon di dalam lingkaran. Pola berikutnya adalah ...",Heksagon di dalam lingkaran,Segitiga di dalam persegi,Lingkaran di dalam segitiga,Pentagon di dalam persegi,Heksagon di dalam persegi,5,0,0,0,0,"Pola: bangun dalam lingkaran bertambah 1 sisi (3,4,5). Berikutnya 6 sisi = heksagon di dalam lingkaran."
62,TIU,"Dalam sebuah pola cermin, jika huruf 'b' dicerminkan secara horizontal menjadi 'd'. Huruf 'p' jika dicerminkan secara horizontal menjadi ...",b,d,q,g,p,0,0,5,0,0,Pencerminan horizontal huruf 'p' menghasilkan 'q' (bagian bulatan berpindah dari kiri ke kanan).
63,TIU,"Perhatikan pola: 2 garis, 4 garis, 8 garis, 16 garis, ... Jumlah garis berikutnya adalah ...",20,24,28,32,36,0,0,0,5,0,Pola: jumlah garis dikalikan 2. 16 x 2 = 32.
64,TIU,"Dalam matriks 3x3, baris pertama: O, X, O. Baris kedua: X, O, X. Baris ketiga: O, X, ? Simbol yang mengisi tanda tanya adalah ...",O,X,Kosong,Titik,Garis,5,0,0,0,0,"Pola papan catur: berselang-seling antara O dan X. Posisi (3,3) seharusnya O mengikuti pola."
65,TIU,"Pola lipatan kertas: Kertas persegi dilipat dua secara vertikal, kemudian dilubangi di tengah lipatan, lalu dibuka. Berapa lubang yang terbentuk?",1,2,3,4,5,0,5,0,0,0,"Saat dilipat dua vertikal dan dilubangi di tengah lipatan, saat dibuka akan terlihat 2 lubang yang simetris terhadap garis lipatan."
66,TKP,Seorang warga lanjut usia datang ke kantor Anda untuk mengurus administrasi tetapi tidak membawa dokumen yang lengkap. Sikap Anda adalah ...,Menyuruhnya pulang dan kembali lagi besok dengan dokumen lengkap,Memproses berkasnya meskipun tidak lengkap agar cepat selesai,Menjelaskan dokumen apa saja yang kurang secara rinci dan membantu mencarikan solusi alternatif,Menyuruh warga tersebut bertanya ke loket informasi,Membiarkannya menunggu hingga ada petugas lain yang menangani,2,1,5,3,4,Pelayanan publik yang baik mengedepankan empati dan solusi. Menjelaskan kekurangan dan membantu solusi alternatif menunjukkan orientasi pelayanan tertinggi.
67,TKP,Anda sedang melayani antrian panjang di loket pelayanan. Tiba-tiba seorang warga marah karena merasa pelayanan terlalu lambat. Yang Anda lakukan ...,Membalas dengan nada tinggi agar warga tersebut tenang,Mengabaikan kemarahannya dan terus melayani antrian,"Mendengarkan keluhannya dengan sabar, meminta maaf atas ketidaknyamanan, dan menjelaskan prosedur yang sedang berjalan",Meminta satpam untuk mengamankan warga tersebut,Meninggalkan loket sejenak untuk menenangkan diri,1,2,5,3,4,Mendengarkan dengan sabar dan memberikan penjelasan adalah respons pelayanan publik terbaik. Emosi negatif dari masyarakat harus direspons dengan profesionalisme.
68,TKP,"Kantor Anda baru saja meluncurkan sistem layanan online, tetapi banyak warga yang masih belum paham cara menggunakannya. Anda akan ...",Tetap menjalankan sistem online tanpa memberikan panduan tambahan,Kembali ke sistem manual agar tidak membingungkan warga,Membuat panduan sederhana dan menyediakan petugas pendamping untuk membantu warga yang kesulitan,Menyarankan warga untuk belajar sendiri melalui internet,Hanya membantu warga yang bertanya secara langsung,2,1,5,3,4,Inovasi pelayanan harus diimbangi dengan edukasi publik. Membuat panduan dan menyediakan pendamping menunjukkan komitmen pelayanan yang inklusif.
69,TKP,Seorang warga datang ke kantor Anda di luar jam pelayanan meminta bantuan untuk urusan yang sangat mendesak. Sikap Anda ...,Menolak karena sudah di luar jam kerja,Membantu seadanya sambil menjelaskan jam operasional,"Mendengarkan permasalahannya dan membantu semaksimal mungkin, serta menginformasikan jam layanan untuk tindak lanjut",Menyuruhnya datang besok pagi,Merujuk ke kantor lain yang mungkin masih buka,3,4,5,1,2,ASN yang berorientasi pelayanan menunjukkan empati bahkan di luar jam kerja. Mendengarkan dan membantu semaksimal mungkin adalah sikap terbaik.
70,TKP,Anda mendapati prosedur pelayanan di kantor cukup berbelit-belit sehingga menyulitkan masyarakat. Langkah yang Anda ambil ...,Membiarkan saja karena aturan sudah ditetapkan,Mengeluh kepada rekan kerja tanpa mengambil tindakan,Mengusulkan penyederhanaan prosedur kepada atasan dengan data dan alasan yang jelas,Langsung mengubah prosedur tanpa izin atasan,Menyarankan warga untuk menggunakan calo agar prosesnya lebih mudah,2,1,5,3,4,Mengusulkan perbaikan melalui jalur resmi dengan argumentasi berbasis data menunjukkan inisiatif dan profesionalisme dalam meningkatkan kualitas pelayanan publik.
71,TKP,Seorang warga difabel datang ke kantor Anda yang belum memiliki fasilitas ramah difabel. Yang Anda lakukan ...,Melayaninya seperti biasa tanpa bantuan khusus,Meminta petugas lain untuk mengantarnya,"Secara proaktif menghampiri, memberikan bantuan yang dibutuhkan, dan melaporkan kebutuhan fasilitas ramah difabel kepada atasan",Menyarankan agar datang bersama pendamping lain kali,Memproses berkasnya terlebih dahulu agar cepat selesai,2,3,5,1,4,Pelayanan inklusif menuntut ASN proaktif membantu warga berkebutuhan khusus dan sekaligus menginisiasi perbaikan infrastruktur untuk aksesibilitas.
72,TKP,Anda menerima keluhan dari warga melalui media sosial tentang pelayanan di instansi Anda. Respons terbaik Anda ...,Mengabaikan karena bukan kanal resmi,Membalas dengan nada defensif untuk membela instansi,"Merespons dengan sopan, mengucapkan terima kasih atas masukannya, dan menindaklanjuti keluhan tersebut",Menghapus komentar agar tidak dilihat orang lain,Membalas dengan memberitahu jam kerja dan nomor telepon kantor,1,2,5,3,4,Merespons keluhan di media sosial dengan sopan dan solutif menunjukkan keterbukaan instansi terhadap masukan serta komitmen perbaikan pelayanan.
73,TKP,Seorang warga membawa berkas yang sudah ditolak beberapa kali karena tidak sesuai format. Ia terlihat frustrasi dan bingung. Sikap Anda ...,Menolak lagi dengan tegas agar ia memahami kesalahannya,Menerima berkasnya meskipun salah format demi menghindari konflik,"Duduk bersama warga tersebut, menunjukkan kesalahan pada berkas, dan membimbing cara pengisian yang benar",Menyuruhnya ke biro jasa untuk bantuan pengisian,Memberikan nomor telepon untuk konsultasi di lain waktu,2,1,5,3,4,"Membimbing langsung warga yang kesulitan menunjukkan pelayanan prima: sabar, empatik, dan berorientasi solusi."
74,TKP,Anda baru dipindahtugaskan ke unit kerja baru dengan budaya kerja yang sangat berbeda. Yang Anda lakukan ...,Menunggu rekan kerja mengajak berinteraksi,Berfokus pada pekerjaan sendiri dulu,Secara proaktif memperkenalkan diri dan belajar memahami tugas serta fungsi rekan-rekan baru,Hanya bergaul dengan yang sejabatan,Meminta pindah kembali ke unit lama,2,3,5,1,4,Proaktif memperkenalkan diri dan memahami lingkungan baru menunjukkan kemampuan networking dan adaptasi yang tinggi.
75,TKP,"Dalam sebuah rapat lintas divisi, terjadi perbedaan pendapat yang cukup tajam. Sikap Anda ...",Diam saja agar tidak terlibat konflik,Membela divisi Anda tanpa mempertimbangkan pendapat lain,"Mendengarkan semua pendapat, mencari titik temu, dan mengusulkan solusi yang mengakomodasi kepentingan bersama",Mengikuti pendapat mayoritas tanpa memberikan masukan,Meninggalkan rapat jika suasana terlalu panas,2,1,5,3,4,Kemampuan memediasi dan mencari solusi win-win dalam rapat lintas divisi menunjukkan jejaring kerja dan kolaborasi yang kuat.
76,TKP,"Rekan kerja dari divisi lain meminta bantuan Anda untuk menyelesaikan proyek mereka, padahal Anda juga memiliki deadline sendiri. Anda ...",Menolak secara tegas karena bukan tanggung jawab Anda,Mengiyakan meskipun pekerjaan sendiri terbengkalai,"Menawarkan bantuan pada aspek yang bisa dikerjakan tanpa mengabaikan tugas utama, dan mengkomunikasikan keterbatasan waktu",Menyuruhnya meminta tolong orang lain,Melaporkan ke atasan bahwa divisi lain mengganggu pekerjaan Anda,2,1,5,3,4,Kolaborasi antar divisi penting namun harus dikomunikasikan secara terbuka mengenai kapasitas. Ini menunjukkan kemampuan jejaring kerja yang matang.
77,TKP,Atasan Anda memberikan tugas yang menurut Anda kurang tepat metodenya. Sikap Anda ...,Menolak tugas tersebut secara langsung,Mengerjakan sesuai instruksi tanpa memberikan masukan,"Menyampaikan pandangan alternatif dengan data pendukung secara sopan, namun tetap menghormati keputusan akhir atasan",Mengeluh kepada rekan kerja tentang metode atasan,Mengerjakan dengan cara sendiri tanpa memberitahu atasan,2,3,5,1,4,Menyampaikan ide konstruktif kepada atasan dengan cara yang sopan menunjukkan keberanian profesional sekaligus tetap menghormati hierarki.
78,TKP,Anda ditugaskan memimpin tim yang anggotanya berasal dari berbagai divisi dengan keahlian berbeda. Langkah pertama Anda ...,Langsung membagi tugas tanpa diskusi,Membiarkan anggota bekerja sesuai keinginan masing-masing,"Mengadakan pertemuan awal untuk saling mengenal, menentukan peran berdasarkan keahlian, dan menyepakati target bersama",Mengerjakan semua tugas penting sendiri agar hasilnya bagus,Meminta atasan menentukan pembagian tugas,2,1,5,3,4,"Pertemuan awal untuk alignment menunjukkan kemampuan leadership dan jejaring kerja: membangun hubungan, memahami keahlian, dan menetapkan tujuan bersama."
79,TKP,Seorang kolega Anda mengeluhkan beban kerja yang terlalu berat sehingga menurunkan kinerjanya. Anda ...,Membiarkannya karena itu masalah pribadinya,Menyuruhnya langsung mengadu ke atasan,"Menawarkan bantuan, mendengarkan keluhannya, dan jika perlu membantu menyusun prioritas pekerjaan",Menganggap ia tidak kompeten,Memanfaatkan situasi untuk menonjolkan kinerja Anda sendiri,2,3,5,1,4,Membantu rekan kerja yang kesulitan menunjukkan empati dan membangun jejaring kerja yang solid. Ini juga berkontribusi pada produktivitas tim secara keseluruhan.
80,TKP,Anda perlu data dari instansi lain untuk menyelesaikan laporan. Namun pihak instansi tersebut tidak responsif. Yang Anda lakukan ...,Menunggu sampai mereka merespons,Membuat laporan tanpa data tersebut,Menghubungi secara aktif melalui berbagai kanal resmi dan jika perlu melakukan kunjungan koordinasi langsung,Melaporkan ke atasan bahwa instansi lain tidak kooperatif,Menggunakan data lama sebagai pengganti,2,1,5,3,4,Inisiatif multi-kanal dan koordinasi langsung menunjukkan kemampuan networking dan komitmen terhadap kualitas hasil kerja.
81,TKP,"Dalam forum diskusi antar instansi, rekan dari instansi lain mengkritik program yang Anda jalankan. Sikap Anda ...",Langsung membela diri dan membalas kritik,Diam saja dan mengabaikan kritiknya,"Menerima kritik dengan terbuka, meminta penjelasan lebih detail, dan menjadikannya bahan evaluasi",Merasa tersinggung dan memutus komunikasi,Melapor ke atasan agar instansi tersebut diberi peringatan,2,1,5,3,4,Keterbukaan terhadap kritik dan kemampuan menjadikannya bahan perbaikan menunjukkan kedewasaan profesional dan kekuatan jejaring kerja.
82,TKP,Di kantor Anda ada rekan kerja dengan kebiasaan budaya yang berbeda saat makan siang. Beberapa rekan menganggapnya aneh. Sikap Anda ...,Ikut mengomentari kebiasaannya,Menghindari makan bersama dengannya,Menghargai perbedaan budayanya dan mengajak rekan lain untuk bersikap toleran,Memintanya menyesuaikan kebiasaan dengan mayoritas,Tidak peduli asalkan tidak mengganggu Anda,2,1,5,3,4,Menghargai keberagaman dan mengajak toleransi mencerminkan nilai Bhinneka Tunggal Ika dalam kehidupan kerja sehari-hari.
83,TKP,Anda ditugaskan ke daerah dengan mayoritas penduduk berbeda agama dan budaya dengan Anda. Yang pertama kali Anda lakukan ...,Mencari komunitas yang satu agama untuk tempat berlindung,Membatasi interaksi hanya untuk urusan pekerjaan,Mempelajari adat istiadat dan budaya setempat untuk membangun hubungan baik dengan masyarakat,Meminta dipindahkan ke daerah yang lebih sesuai,Menjalankan tugas tanpa berinteraksi dengan penduduk lokal,2,1,5,3,4,"Mempelajari budaya lokal menunjukkan adaptabilitas dan penghargaan terhadap keberagaman, kunci sukses bekerja di lingkungan multikultural."
84,TKP,Tetangga yang berbeda agama mengundang Anda ke acara perayaan keagamaan mereka. Sikap Anda ...,Menolak dengan tegas karena berbeda keyakinan,Menghadiri acara sebagai bentuk penghormatan dan toleransi tanpa ikut ritual keagamaan,Mengabaikan undangan tanpa memberi respons,Hadir tetapi menunjukkan ketidaksetujuan,Melarang keluarga Anda untuk menghadiri acara tersebut,1,5,2,3,4,Menghadiri acara perayaan tetangga sebagai bentuk silaturahmi dan toleransi tanpa harus mengikuti ritual keagamaan menunjukkan dewasa dalam keberagaman.
85,TKP,Anda melihat berita viral yang menghina salah satu suku di Indonesia. Respons Anda ...,Membagikan berita tersebut untuk meningkatkan kesadaran,Meninggalkan komentar balasan yang menghina balik,Melaporkan konten tersebut dan memberikan edukasi di lingkungan sekitar tentang pentingnya saling menghargai,Mengabaikannya karena bukan urusan Anda,Berdebat panjang di kolom komentar,2,1,5,3,4,Melaporkan konten SARA dan memberikan edukasi menunjukkan sikap proaktif dalam menjaga persatuan dan keharmonisan sosial.
86,TKP,"Dalam tim kerja, ada anggota yang kurang dilibatkan karena berasal dari daerah yang berbeda dari mayoritas. Sikap Anda ...",Membiarkan dinamika tim berjalan apa adanya,Ikut mengecualikan anggota tersebut agar tim tetap kompak,Memastikan semua anggota dilibatkan secara adil dan mengapresiasi kontribusi masing-masing,Menyarankan anggota tersebut menyesuaikan diri,Melaporkan diskriminasi ke HRD tanpa mencoba menyelesaikan dulu,2,1,5,3,4,Memastikan inklusivitas dalam tim menunjukkan kepemimpinan dan penghargaan terhadap keberagaman sesuai nilai sosial budaya ASN.
87,TKP,Kantor Anda mengadakan perayaan hari besar nasional. Seorang rekan menolak berpartisipasi karena alasan budaya. Yang Anda lakukan ...,Memaksanya ikut karena ini acara kantor,Melaporkannya ke atasan karena tidak kooperatif,Menghormati keputusannya dan tetap mengajaknya berpartisipasi di kegiatan yang sesuai dengannya,Mengabaikan dan tidak mengajaknya lagi,Menjadikan ketidakhadirannya sebagai bahan pembicaraan,1,2,5,3,4,Menghormati pilihan yang berbasis nilai budaya sambil tetap inklusif menunjukkan kedewasaan sosial dalam menghadapi keberagaman.
88,TKP,Anda mendapati bahwa kebijakan pelayanan di kantor kurang mengakomodasi kebutuhan kelompok minoritas. Sikap Anda ...,Tidak mempermasalahkan karena sudah sesuai aturan,Mengubah kebijakan secara sepihak,Mengusulkan revisi kebijakan yang lebih inklusif kepada pimpinan dengan argumentasi yang konstruktif,Menunggu ada keluhan dari kelompok minoritas,Menyerahkan masalah ini ke bagian lain,2,1,5,3,4,Inisiatif mengusulkan kebijakan inklusif menunjukkan kepekaan sosial budaya dan komitmen terhadap keadilan pelayanan publik.
89,TKP,Kantor Anda mengimplementasikan sistem e-office untuk menggantikan surat manual. Banyak pegawai senior yang kesulitan. Anda ...,Mengusulkan pembatalan sistem e-office,Membiarkan pegawai senior belajar sendiri,Secara sukarela membuat tutorial sederhana dan menawarkan pelatihan informal untuk rekan yang kesulitan,Mengerjakan tugas mereka dalam sistem e-office,Hanya menggunakan sistem untuk keperluan sendiri,2,1,5,3,4,Membuat tutorial dan melatih rekan menunjukkan sikap kolaboratif dalam adopsi teknologi serta kemampuan transfer knowledge.
90,TKP,Anda menemukan bahwa data penting di sistem informasi kantor rentan terhadap kebocoran. Langkah Anda ...,Mengabaikan karena bukan tanggung jawab bagian IT,Langsung memperbaiki sistem tanpa izin,Melaporkan temuan kepada atasan dan bagian IT disertai rekomendasi perbaikan keamanan,Membicarakan ke rekan kerja saja,Memanfaatkan celah untuk kepentingan sendiri,2,1,5,3,4,Melaporkan kerentanan dengan rekomendasi menunjukkan kesadaran keamanan informasi dan tanggung jawab terhadap aset digital organisasi.
91,TKP,Atasan meminta Anda membuat laporan menggunakan software yang belum Anda kuasai. Deadline sangat ketat. Anda ...,Menolak tugas karena tidak menguasai software tersebut,Membuat laporan dengan cara manual saja,Mempelajari software secara cepat melalui tutorial online dan meminta bantuan rekan yang sudah menguasai,Meminta perpanjangan waktu tanpa berusaha,Menyuruh rekan kerja yang sudah bisa untuk mengerjakannya,2,1,5,3,4,Inisiatif belajar mandiri dan kolaborasi menunjukkan adaptabilitas terhadap teknologi dan komitmen menyelesaikan tugas tepat waktu.
92,TKP,Anda menerima email mencurigakan yang meminta password akun resmi kantor. Yang Anda lakukan ...,Memberikan password karena tampilannya resmi,Mengabaikan email tersebut,"Tidak membuka tautan, melaporkan ke bagian IT, dan menginformasikan rekan kerja tentang ancaman phishing",Membalas email untuk memastikan keasliannya,Meneruskan email ke rekan kerja untuk meminta pendapat,1,2,5,3,4,"Kesadaran terhadap ancaman siber dan respons tepat (tidak klik, lapor IT, edukasi rekan) menunjukkan literasi keamanan digital yang tinggi."
93,TKP,"Kantor Anda mulai menggunakan video conference untuk rapat rutin. Dalam rapat virtual, rekan sering mengalami kendala teknis. Sikap Anda ...",Menyarankan kembali ke rapat tatap muka saja,Membiarkan mereka mengatasi kendala sendiri,Membantu troubleshooting sederhana dan menyusun panduan best practice untuk rapat virtual,Mengeluh karena rapat virtual tidak efektif,Tidak hadir jika ada masalah koneksi,2,1,5,3,4,Membantu troubleshooting dan membuat panduan menunjukkan pemberdayaan TIK yang proaktif untuk meningkatkan efektivitas kerja tim.
94,TKP,Data pelayanan publik yang Anda kelola perlu digitalisasi. Namun anggaran terbatas. Solusi Anda ...,Menunda digitalisasi sampai ada anggaran penuh,Tetap menggunakan pencatatan manual selamanya,Memulai digitalisasi bertahap menggunakan tools gratis yang tersedia dan mengajukan anggaran untuk tahap selanjutnya,Menggunakan software bajakan untuk menghemat biaya,Meminta warga yang mengurus sendiri datanya secara digital,2,1,5,3,4,Pendekatan bertahap dengan tools yang tersedia menunjukkan kreativitas dan pragmatisme dalam memanfaatkan teknologi secara efisien.
95,TKP,Anda diminta mengelola media sosial resmi instansi. Sebuah akun warga menyebarkan informasi palsu tentang layanan kantor Anda. Sikap Anda ...,Memblokir akun tersebut tanpa penjelasan,Membalas dengan nada marah di kolom komentar,Memberikan klarifikasi dengan data yang akurat secara profesional dan sopan melalui akun resmi,Mengabaikan karena orang tidak akan percaya hoaks,Membuat postingan sindiran tanpa menyebut nama,2,1,5,3,4,Klarifikasi profesional berbasis data melalui kanal resmi menunjukkan pengelolaan komunikasi publik digital yang bijak dan bertanggung jawab.
96,TKP,Anda diberi tanggung jawab tambahan di luar tupoksi utama karena kantor sedang kekurangan pegawai. Sikap Anda ...,Menolak karena bukan tugas Anda,Menerima terpaksa dan mengerjakannya dengan asal-asalan,Menerima dengan penuh tanggung jawab dan mengatur prioritas agar semua tugas terselesaikan dengan baik,Menyuruh rekan lain untuk menggantikan,Melaporkan ke serikat pekerja karena merasa dieksploitasi,2,1,5,3,4,Menerima tanggung jawab tambahan dengan manajemen prioritas yang baik menunjukkan profesionalisme dan dedikasi terhadap organisasi.
97,TKP,Anda memiliki jadwal pelatihan penting yang bersamaan dengan acara keluarga. Keputusan Anda ...,Membatalkan pelatihan untuk menghadiri acara keluarga,Menghadiri acara keluarga dan meminta teman mencatatkan materi pelatihan,Menghadiri pelatihan dan mengkomunikasikan ketidakhadiran di acara keluarga secara baik-baik,Tidak hadir di keduanya karena bingung memilih,Datang terlambat ke pelatihan setelah menghadiri acara keluarga sebentar,2,1,5,3,4,Mendahulukan tugas kedinasan yang penting sambil berkomunikasi secara baik dengan keluarga menunjukkan profesionalisme yang matang.
98,TKP,Rekan kerja mengajak Anda melakukan kecurangan ringan dalam pelaporan kinerja. Sikap Anda ...,Ikut melakukannya agar hubungan tetap baik,Menolak dan langsung melaporkannya ke atasan,"Menolak dengan tegas namun sopan dan mengingatkan pentingnya integritas, tanpa langsung melaporkan kecuali ia tetap melakukannya",Berpura-pura tidak mendengar,Ikut tapi hanya sekali saja,2,3,5,4,1,Menolak dengan tegas namun tetap menjaga hubungan dan memberikan edukasi menunjukkan integritas profesional dan kebijaksanaan dalam hubungan kerja.
99,TKP,Anda mendapat kritik dari atasan atas hasil kerja yang Anda yakini sudah benar. Respons Anda ...,Membela diri dengan keras di depan rekan kerja,Diam saja dan merasa tidak dihargai,"Menerima kritik, meminta umpan balik spesifik untuk perbaikan, dan mengevaluasi kembali pekerjaan secara objektif",Langsung meminta pindah divisi,Mengeluh di media sosial tentang perlakuan atasan,2,1,5,3,4,Menerima kritik konstruktif dan aktif mencari feedback spesifik menunjukkan growth mindset dan profesionalisme.
100,TKP,Anda ditawarkan proyek sampingan yang menguntungkan secara finansial tetapi berpotensi mengganggu kinerja di kantor. Keputusan Anda ...,Menerima proyek dan mengorbankan waktu kerja di kantor,Menerima proyek dan mengerjakan secara diam-diam di jam kerja,"Mengevaluasi dengan jujur apakah proyek tersebut bisa dijalankan tanpa mengganggu tugas utama, dan berkonsultasi dengan atasan",Menolak mentah-mentah tanpa pertimbangan,Menerima proyek dan meminta cuti berkepanjangan,2,1,5,3,4,Evaluasi jujur dan konsultasi dengan atasan menunjukkan transparansi dan komitmen profesional terhadap tugas utama sebagai ASN.
101,TKP,"Anda diminta menyelesaikan tugas yang sebenarnya sangat mudah, tetapi deadline-nya masih lama. Sikap Anda ...",Menunda hingga mendekati deadline,Menyelesaikan secepat mungkin namun asal-asalan,Menyelesaikan dengan kualitas terbaik sesegera mungkin agar bisa mengerjakan tugas lain,Mendelegasikan ke bawahan tanpa supervisi,Mengerjakan sambil lalu karena tugasnya mudah,2,1,5,3,4,Menyelesaikan tugas dengan kualitas terbaik secepat mungkin menunjukkan etos kerja dan efisiensi profesional.
102,TKP,Anda menyadari bahwa keahlian yang Anda miliki sudah kurang relevan dengan perkembangan terbaru di bidang Anda. Yang Anda lakukan ...,Tidak peduli karena sudah cukup pengalaman,Menunggu kantor mengirim untuk pelatihan,"Secara proaktif mencari pelatihan mandiri, membaca literatur terbaru, dan mendiskusikan perkembangan dengan kolega",Meminta pindah ke bagian yang sesuai keahlian lama,Mengandalkan junior untuk pekerjaan yang membutuhkan keahlian baru,2,1,5,3,4,Inisiatif pengembangan diri secara mandiri menunjukkan profesionalisme dan komitmen terhadap peningkatan kompetensi berkelanjutan.
103,TKP,Anda bekerja dalam tim dan salah satu anggota tim tidak berkontribusi optimal. Hal ini memengaruhi kinerja tim secara keseluruhan. Langkah Anda ...,Melaporkan langsung ke atasan agar anggota tersebut ditegur,Mengabaikan dan mengerjakan bagiannya juga,Mengajak bicara secara empat mata untuk memahami kendalanya dan mencari solusi bersama,Membicarakan di belakang dengan anggota tim lain,Menyalahkannya saat presentasi hasil kerja tim,2,1,5,3,4,Dialog empat mata menunjukkan pendekatan profesional: mencari akar masalah dan solusi kolaboratif sebelum eskalasi.
104,TKP,Anda melihat rekan kerja menyebarkan konten yang mengandung ujaran kebencian terhadap kelompok tertentu di media sosial. Sikap Anda ...,Membiarkan karena itu kebebasan berekspresi,Ikut menyebarkan jika Anda setuju,Mengingatkan secara personal tentang dampak negatif ujaran kebencian dan pentingnya menjaga persatuan,Melaporkan langsung ke polisi tanpa bicara terlebih dahulu,Memblokir rekan tersebut dari semua media sosial,2,1,5,3,4,"Pendekatan personal dan edukatif adalah langkah pertama terbaik dalam mencegah penyebaran kebencian, sebelum eskalasi ke jalur formal."
105,TKP,"Di lingkungan tempat tinggal Anda, ada kelompok yang mengajak warga untuk menolak ideologi Pancasila. Respons Anda ...",Bergabung dengan kelompok tersebut karena penasaran,Mengabaikan karena bukan urusan Anda,Melaporkan kepada pihak berwajib dan aktif menyelenggarakan kegiatan yang memperkuat nilai-nilai Pancasila,Mendukung secara diam-diam,Hanya memperingatkan keluarga sendiri,2,1,5,3,4,Melapor dan aktif memperkuat Pancasila menunjukkan bela negara terhadap ancaman ideologi anti-NKRI.
106,TKP,Anda menghadiri seminar yang pembicaranya menyampaikan pandangan intoleran terhadap kelompok agama lain. Sikap Anda ...,Setuju dan mendukung pandangannya,Diam saja agar tidak menimbulkan masalah,Mengajukan pertanyaan kritis yang mengarahkan diskusi ke nilai-nilai toleransi dan kebhinnekaan,Meninggalkan seminar sambil membuat keributan,Merekam dan menyebarkan di media sosial untuk diviralkan,2,1,5,3,4,Mengajukan pertanyaan kritis secara santun menunjukkan kemampuan melawan narasi intoleran secara intelektual tanpa provokasi.
107,TKP,Anda menemukan materi berisi ajakan kekerasan atas nama agama di grup WhatsApp kantor. Tindakan Anda ...,Keluar dari grup tanpa bicara,Membiarkan karena takut dianggap tidak toleran,"Menegur pengirim di chat pribadi, melaporkan ke atasan, dan mengingatkan di grup tentang penggunaan medsos yang bijak",Langsung melaporkan ke polisi,Meneruskan ke grup lain untuk meminta pendapat,2,1,5,3,4,"Multi-pendekatan: teguran personal, laporan internal, dan edukasi di grup menunjukkan penanganan konten radikal yang komprehensif dan proporsional."
108,TKP,"Saat diskusi di kantor, seorang kolega mengungkapkan pandangan yang cenderung mendukung gerakan separatisme. Sikap Anda ...",Mendukung pendapatnya karena menghargai kebebasan berpendapat,Mengabaikan dan menganggapnya bercanda,"Menanggapi dengan tenang, memberikan perspektif tentang pentingnya NKRI, dan jika berlanjut melaporkan melalui jalur yang tepat",Langsung memutus hubungan dengannya,Mempermalukannya di depan rekan kerja lain,2,1,5,3,4,Respons tenang berbasis argumentasi kebangsaan adalah cara efektif menangkal paham separatisme tanpa memicu konflik.
109,TKP,Anak Anda bertanya mengapa ada orang yang melakukan aksi terorisme atas nama agama. Penjelasan Anda ...,Menyalahkan agama tertentu sebagai penyebab terorisme,Menghindari pertanyaan karena topik sensitif,"Menjelaskan bahwa terorisme adalah tindakan kriminal yang bertentangan dengan semua agama, dan mengajarkan pentingnya toleransi",Menyuruh anak tidak bertanya tentang hal sensitif,Menjelaskan bahwa hal tersebut wajar terjadi,2,1,5,3,4,Edukasi sejak dini bahwa terorisme =/= agama dan pentingnya toleransi membentuk generasi anti-radikalisme yang berdasar pemahaman.
110,TKP,Anda mengetahui bahwa ada indikasi radikalisasi terhadap pemuda di lingkungan sekitar Anda melalui kegiatan kajian tertutup. Langkah Anda ...,Mengabaikan karena bukan wewenang Anda,Bergabung dalam kajian untuk memantau sendiri,Melaporkan ke aparat keamanan dan berkoordinasi dengan tokoh masyarakat untuk mengadakan kegiatan kontra-radikalisasi yang positif,Membicarakan dengan tetangga saja,Menyebarkan informasi di media sosial untuk memviralkan,2,1,5,3,4,Kolaborasi pelaporan dan kontra-radikalisasi melalui tokoh masyarakat adalah pendekatan pencegahan radikalisme yang paling efektif dan berkelanjutan.
