number,segment,content,image_url,option_a,option_b,option_c,option_d,option_e,score_a,score_b,score_c,score_d,score_e,discussion,option_image_a,option_image_b,option_image_c,option_image_d,option_image_e
1,TWK,"Sikap nasionalisme dalam konteks global cenderung menekankan pada kecintaan terhadap bangsa secara eksklusif, bahkan berpotensi menumbuhkan sikap superior terhadap bangsa lain. Sementara itu, nasionalisme dalam konteks Indonesia lebih menekankan pada...",,Semangat keunggulan budaya lokal yang harus dikembangkan secara kompetitif terhadap budaya asing,Rasa cinta tanah air yang diwujudkan melalui perjuangan untuk kepentingan suku dan agama,Upaya memperkuat identitas nasional dengan menutup diri dari pengaruh luar yang merusak nilai luhur bangsa,"Kesadaran sebagai bangsa yang berdaulat dan beragam, dengan menjunjung persatuan serta penghargaan terhadap perbedaan",Dorongan untuk mempertahankan ideologi bangsa dengan menolak semua bentuk globalisasi budaya,5,0,0,0,0,,,,,,
2,TWK,"Pada masa penjajahan Belanda, akses pendidikan formal sangat terbatas bagi rakyat pribumi. Sekolah-sekolah kolonial lebih mengutamakan kepentingan pemerintah Hindia Belanda dan cenderung mengabaikan nilai-nilai kebudayaan lokal. Berdirinya Taman Siswa pada 1922 dilatarbelakangi oleh...",,Kebutuhan menyediakan pendidikan agama bagi masyarakat Jawa secara mandiri,Keinginan menciptakan sistem pendidikan yang bebas dari pengaruh Barat secara total,Reaksi terhadap sistem pendidikan kolonial yang diskriminatif dan tidak sesuai dengan jati diri bangsa,Harapan agar rakyat pribumi bisa lebih mudah diterima dalam pemerintahan kolonial,Ambisi Ki Hadjar Dewantara untuk bersaing dengan sekolah-sekolah Belanda secara akademik,5,0,0,0,0,,,,,,
3,TWK,Kongres Pemuda II pada tahun 1928 menjadi tonggak penting lahirnya semangat kebangsaan Indonesia. Ikrar dalam Sumpah Pemuda menunjukkan bahwa para pemuda mulai menyadari pentingnya...,,menyatukan perjuangan antar organisasi pemuda dalam satu arah nasional,membentuk negara Indonesia merdeka berdasarkan kebhinekaan daerah,memperjuangkan kesetaraan hak seluruh suku bangsa di bawah kolonialisme,melebur identitas kedaerahan ke dalam identitas nasional yang satu,membentuk kekuatan politik baru untuk menyaingi dominasi kolonial Belanda,5,0,0,0,0,,,,,,
4,TWK,"Dalam sidang PBB dan forum internasional lainnya, strategi utama yang digunakan Mohammad Hatta untuk memperjuangkan kemerdekaan Indonesia adalah…",,Menekankan hak penentuan nasib sendiri bagi bangsa Indonesia sebagai prinsip universal,Mengangkat penderitaan rakyat Indonesia akibat penjajahan sebagai isu kemanusiaan global,Menunjukkan kesiapan Indonesia membentuk pemerintahan sendiri secara konstitusional,Membuktikan bahwa Indonesia telah merdeka secara de facto dan de jure,Mendesak negara-negara besar agar tidak mengakui Belanda sebagai pemegang kedaulatan di Indonesia,5,0,0,0,0,,,,,,
5,TWK,Salah satu tantangan utama terhadap nasionalisme generasi muda di era digital adalah…,,Minimnya partisipasi pemuda dalam kegiatan sosial berbasis nilai kebangsaan,Maraknya penyebaran budaya populer global yang mengikis identitas lokal,Lemahnya kurikulum pendidikan karakter di lingkungan sekolah formal,Dominasi konten hiburan asing yang menurunkan minat terhadap budaya nasional,Rendahnya kesadaran kritis terhadap informasi yang bertentangan dengan nilai luhur bangsa,5,0,0,0,0,,,,,,
6,TWK,Seorang pemuda menolak simbol negara dan mengajak masyarakat mengganti sistem bernegara dengan ideologi tunggal yang diyakininya. Bentuk ancaman terhadap nasionalisme yang paling tepat adalah…,,Fanatisme kelompok yang menolak keberagaman ideologi,Radikalisme yang bertentangan dengan konsensus nasional,Separatisme ideologis yang memicu pemisahan wilayah,Intoleransi terhadap simbol dan praktik kebangsaan,Disintegrasi sosial akibat konflik pandangan,5,0,0,0,0,,,,,,
7,TWK,"Bacalah teks berikut!
Urbanisasi yang terjadi secara besar-besaran ke kota-kota besar di Indonesia memunculkan berbagai persoalan. Kepadatan penduduk menyebabkan permukiman kumuh tumbuh di berbagai sudut kota. Selain itu, meningkatnya kebutuhan akan lapangan kerja dan layanan publik seperti kesehatan dan pendidikan menambah beban pemerintah daerah. Kondisi ini memperlihatkan bahwa pertumbuhan penduduk yang tidak seimbang dengan pembangunan dapat menghambat kualitas hidup masyarakat kota.
Apa ide pokok paragraf tersebut?",,Urbanisasi menyebabkan permukiman kumuh dan pengangguran meningkat.,Urbanisasi besar-besaran menambah beban pemerintah daerah.,Pertumbuhan penduduk yang tidak seimbang dengan pembangunan menghambat kualitas hidup.,Banyak masyarakat pindah ke kota karena berharap kehidupan lebih baik.,Kebutuhan layanan publik meningkat akibat pertumbuhan penduduk.,5,0,0,0,0,,,,,,
8,TWK,"Bacalah paragraf berikut!
Dalam sebuah kampung kecil yang terletak di lereng gunung, warga saling membantu tanpa diminta. Ketika ada warga yang sedang sakit, tetangga datang membawa makanan dan bergantian menjaga. Anak-anak terbiasa menyapa orang dewasa dengan sopan, dan para orang tua selalu memberi teladan lewat tindakan sederhana seperti membuang sampah pada tempatnya. Tidak ada aturan tertulis, tapi semua seolah tahu batas dan kewajiban masing-masing.
Nilai sosial yang paling menonjol dalam paragraf tersebut adalah…",,Kejujuran dan keteladanan sebagai fondasi masyarakat.,Gotong royong dan kepedulian antarwarga.,Kedisiplinan dan kepatuhan terhadap aturan.,Ketertiban dan ketaatan pada norma hukum.,Kesederhanaan dan rasa hormat terhadap alam.,5,0,0,0,0,,,,,,
9,TWK,"Kata yang tepat untuk melengkapi bagian rumpang kalimat berikut adalah...
""Kemajuan teknologi informasi saat ini _____ kehidupan manusia, baik dari segi komunikasi maupun cara berpikir, sehingga kita perlu _____ dengan bijak.""",,mengubah – memanfaatkannya,merubah – menggunakannya,mempengaruhi – menanggapinya,memengaruhi – menggunakannya,mengubah – menolaknya,5,0,0,0,0,,,,,,
10,TWK,Manakah kalimat berikut yang menggunakan struktur dan ejaan baku sesuai kaidah Bahasa Indonesia?,,Para hadirin sekalian dimohon untuk memperhatikan susunan acara yang telah dibagikan.,"Untuk mengoptimalkan kinerja, manajemen akan merevisi SOP yang sudah berlaku semenjak tahun lalu.",Beliau menyarankan agar kita senantiasa menjaga kesehatan dan pola hidup yang teratur.,Rapat tersebut tidak dapat dihadiri oleh saya karena ada kegiatan yang tidak dapat ditinggal.,"Demi kelancaran acara, panitia mengkoordinir peserta agar segera memasuki ruangan.",5,0,0,0,0,,,,,,
11,TWK,"Kalimat berikut ini tidak efektif:
Untuk dapat memperoleh hasil yang maksimal, maka kita harus berusaha dengan sungguh-sungguh dan penuh semangat yang tinggi.
Manakah perbaikan yang paling tepat?",,Kita harus berusaha sungguh-sungguh dan penuh semangat untuk mendapatkan hasil maksimal.,"Untuk mendapatkan hasil maksimal, maka kita harus berusaha sungguh-sungguh dan penuh semangat.",Maka kita harus berusaha sungguh-sungguh supaya hasil yang didapatkan bisa maksimal.,"Untuk dapat memperoleh hasil yang maksimal, kita harus dengan semangat yang tinggi berusaha sungguh-sungguh.","Agar hasilnya bisa maksimal, maka kita harus sungguh-sungguh dan penuh semangat berusaha.",5,0,0,0,0,,,,,,
12,TWK,"Di era sekarang, sebagian generasi muda lebih memilih terlibat dalam aktivisme daring, pengembangan diri, dan ekspresi kebebasan pribadi ketimbang mengikuti program formal bela negara. Negara merasa semangat kebangsaan makin menurun. Konflik nilai apa yang paling mungkin terjadi dalam situasi ini?",,"Negara menuntut loyalitas kolektif, sementara generasi muda lebih menjunjung ekspresi individual.","Negara mengandalkan pendekatan formal, sedangkan generasi muda menuntut pendekatan berbasis komunitas.","Negara mendorong keterlibatan fisik, generasi muda lebih menekankan kontribusi berbasis keahlian.","Negara menyamaratakan cara bela negara, generasi muda menghendaki pilihan yang fleksibel dan adaptif.","Negara melihatnya sebagai kewajiban konstitusional, generasi muda memandang bela negara sebagai warisan usang",5,0,0,0,0,,,,,,
13,TWK,"Di tengah meningkatnya kesadaran sosial generasi milenial dan Gen Z, negara tetap menggunakan pendekatan formal dalam kampanye bela negara, seperti wajib upacara atau pelatihan baris-berbaris. Namun pendekatan ini kurang mendapat respon. Apa penyebab utama kegagalan negara dalam dalam konteks bela negara...",,Negara terlalu fokus pada bentuk-bentuk fisik bela negara yang bersifat simbolik.,Negara menekankan keseragaman ekspresi bela negara sebagai bentuk loyalitas.,Negara belum mengembangkan narasi bela negara yang kontekstual dan partisipatif.,"Negara memaknai bela negara sebagai kewajiban, bukan kebutuhan bersama.",Negara belum menjadikan aspirasi digital anak muda sebagai bagian dari strategi bela negara.,5,0,0,0,0,,,,,,
14,TWK,"Di tengah dominasi budaya global dan arus informasi digital yang masif, sebagian generasi muda lebih mengenal budaya luar daripada budaya sendiri. Dalam konteks ini, tantangan utama dalam menumbuhkan sikap cinta tanah air adalah:",,Rendahnya kemampuan memahami sejarah bangsa secara faktual,Kecenderungan mengagungkan simbol-simbol nasional secara berlebihan,Terbatasnya akses terhadap budaya asing yang bersifat edukatif,Ketidakseimbangan antara apresiasi terhadap budaya luar dan budaya sendiri,Sikap eksklusif terhadap budaya lokal yang dianggap tidak relevan,5,0,0,0,0,,,,,,
15,TWK,"Wacana penerapan wajib militer di Indonesia sering menuai pro dan kontra. Jika dikaitkan dengan semangat bela negara, apa tantangan terbesar dari wacana tersebut?",,Menimbulkan penolakan karena dianggap tidak sesuai dengan nilai demokrasi.,Berpotensi melanggar hak individu dalam menentukan jalan hidupnya.,Menyebabkan polemik karena dinilai bertentangan dengan kebebasan sipil.,Memunculkan resistensi masyarakat yang merasa haknya dibatasi negara.,Menghadirkan dilema antara pengabdian negara dan pilihan hidup warga.,5,0,0,0,0,,,,,,
16,TWK,"Dalam situasi bencana alam, warga di sebuah desa bergotong royong membangun dapur umum, membagikan logistik, dan menjaga ketertiban tanpa menunggu bantuan dari luar. Tindakan ini mencerminkan...",,Bela negara dalam bentuk penguatan nilai persatuan dan kesatuan,Pengamalan nilai kemanusiaan dalam bela negara,Partisipasi warga dalam bela negara berbasis kearifan lokal,Implementasi nilai keadilan sosial melalui tindakan bela negara,Manifestasi bela negara dalam konteks ketahanan wilayah,5,0,0,0,0,,,,,,
17,TWK,"Di sebuah desa, masyarakat menolak pembangunan pabrik karena dianggap merusak alam dan mengganggu kearifan lokal. Namun, pemerintah daerah mendorong investasi demi kemajuan ekonomi dan penciptaan lapangan kerja. Situasi ini mencerminkan tantangan dalam penerapan nilai Pancasila, yaitu...",,Keadilan sosial versus ketuhanan yang maha esa,Persatuan Indonesia versus kemanusiaan yang adil dan beradab,Kerakyatan yang dipimpin oleh hikmat kebijaksanaan versus keadilan sosial,Kemanusiaan yang adil dan beradab versus kesejahteraan bersama,Ketuhanan yang maha esa versus persatuan Indonesia,5,0,0,0,0,,,,,,
18,TWK,"Seorang siswa dari komunitas agama minoritas tidak diwajibkan mengikuti pelajaran agama di sekolah karena tidak tersedia guru agama dari keyakinannya. Namun, ia juga tidak diizinkan mengikuti pelajaran agama lain. Kebijakan tersebut berpotensi bertentangan dengan Pancasila karena...",,"Negara tidak memfasilitasi hak beragama sesuai sila pertama, sehingga melanggar keadilan menurut sila kedua","Siswa diperlakukan berbeda karena keyakinannya, bertentangan dengan asas Ketuhanan Yang Maha Esa","Hak siswa untuk belajar agama sesuai keyakinannya terabaikan, sehingga nilai kemanusiaan dan kesetaraan tidak terpenuhi","Ketidakhadiran guru agama dianggap wajar, tetapi pengabaian hak siswa menunjukkan ketidakadilan sosial",Pemisahan siswa dari pembelajaran agama mencerminkan toleransi namun kurang menjunjung keadilan dan kesetaraan,5,0,0,0,0,,,,,,
19,TWK,"Pemerintah mengadopsi teknologi digital dalam pelayanan publik yang awalnya diwarnai resistensi karena dianggap tidak “kearifan lokal”. Namun, kebijakan itu terus dilanjutkan karena terbukti meningkatkan keadilan akses. Kebijakan ini menunjukkan bahwa ideologi Pancasila...",,Menyesuaikan diri secara pragmatis terhadap kemajuan zaman demi efisiensi layanan,Mampu mengadaptasi nilai-nilai baru selama tidak bertentangan dengan nilai dasarnya,Mengutamakan keadilan sosial dengan cara menyesuaikan sistem global,Mengakomodasi perubahan demi kepentingan nasional semata,Fleksibel dalam mengadopsi teknologi selama tetap dalam bingkai demokrasi,5,0,0,0,0,,,,,,
20,TWK,"Sebuah peraturan daerah menetapkan bahwa warga yang tidak memiliki agama resmi tidak dapat mengakses bantuan sosial dari pemerintah daerah. Kebijakan ini kemudian digugat ke Mahkamah Konstitusi karena dinilai diskriminatif. Dalam konteks supremasi UUD 1945, tindakan tersebut menunjukkan bahwa…",,Setiap kebijakan daerah harus mendapat persetujuan Mahkamah Konstitusi terlebih dahulu,UUD 1945 tidak mengatur teknis pelaksanaan bantuan sosial secara rinci,Peraturan daerah dapat dibatalkan jika tidak sesuai dengan hak konstitusional warga negara,Peraturan daerah bisa saja berlaku jika sesuai dengan nilai lokal meskipun bertentangan dengan UUD,Hak konstitusional warga negara bersifat relatif tergantung pada norma daerah yang berlaku,5,0,0,0,0,,,,,,
21,TWK,"Dalam upaya meningkatkan kualitas pendidikan di daerah tertinggal, pemerintah membentuk program beasiswa afirmasi serta penempatan guru-guru terbaik dari berbagai wilayah. Kebijakan ini sejalan dengan nilai fundamental dalam Pembukaan UUD 1945, karena…",,Membuktikan peran negara sebagai pelaksana pendidikan nasional yang profesional dan netral,Menjalankan amanat undang-undang untuk menciptakan masyarakat yang adil dan makmur,Mengimplementasikan prinsip keadilan sosial dalam bidang pendidikan secara nyata,Memenuhi kewajiban negara untuk memberikan fasilitas pendidikan kepada seluruh rakyat,Menunjukkan tekad negara untuk mencerdaskan kehidupan bangsa secara menyeluruh dan merata,5,0,0,0,0,,,,,,
22,TWK,"Pasal 24C ayat (1) UUD 1945 menyebutkan bahwa Mahkamah Konstitusi (MK) memiliki kewenangan mengadili pada tingkat pertama dan terakhir yang putusannya bersifat final.  Dalam kasus berikut, manakah yang benar-benar merupakan kewenangan Mahkamah Konstitusi sesuai pasal tersebut?",,MK membatalkan hasil keputusan Rapat Paripurna DPR,MK mencabut Peraturan Presiden yang dianggap inkonstitusional,MK meninjau kembali vonis pidana yang dijatuhkan oleh MA,MK menguji Undang-Undang Ibu Kota Negara terhadap UUD 1945,MK menolak revisi UU yang bertentangan dengan nilai-nilai Pancasila,5,0,0,0,0,,,,,,
23,TWK,"Dalam situasi bencana alam yang parah di salah satu wilayah, pemerintah pusat mengambil alih penuh pengelolaan sumber daya dan kewenangan daerah untuk mempercepat pemulihan. Tindakan ini menunjukkan prinsip negara kesatuan karena...",,pengambilalihan pusat menunjukkan supremasi kekuasaan eksekutif,pemerintah pusat berhak mutlak atas seluruh wilayah tanpa batasan,daerah tidak memiliki otonomi jika terjadi kondisi darurat nasional,prinsip kesatuan berarti daerah hanya menjalankan perintah pusat,kewenangan pusat dapat menggantikan fungsi daerah demi efisiensi nasional,5,0,0,0,0,,,,,,
24,TWK,Meningkatnya perilaku koruptif di kalangan pejabat publik melemahkan kepercayaan rakyat kepada pemerintah. Kondisi ini menjadi ancaman bagi pilar negara karena…,,menghambat penegakan supremasi hukum dalam sistem ketatanegaraan,mengurangi efektivitas fungsi pemerintah dalam pelayanan publik,merusak prinsip keadilan sosial dalam kehidupan berbangsa dan bernegara,melemahkan wibawa pemerintah di mata masyarakat internasional,memicu berkurangnya rasa nasionalisme warga terhadap negaranya,5,0,0,0,0,,,,,,
25,TWK,"Di tengah meningkatnya ujaran kebencian berbasis identitas di media sosial, pemerintah mengeluarkan kebijakan literasi digital untuk siswa SMA. Namun, sebagian masyarakat menilai kebijakan ini terlalu intervensif dan membatasi kebebasan berekspresi. Dalam konteks Bhinneka Tunggal Ika, sikap paling tepat terhadap kebijakan ini adalah...",,Menolak kebijakan tersebut karena dapat mengancam kebebasan berpendapat yang dijamin konstitusi,Mendukung kebijakan tersebut sepenuhnya sebagai bentuk pengendalian ruang digital,Menerima kebijakan tersebut dengan syarat pelaksanaannya tidak bias terhadap kelompok tertentu,Membatasi hanya siswa dari daerah rawan konflik yang mengikuti kebijakan ini,Menunda implementasi kebijakan sampai ada persetujuan publik yang lebih luas,5,0,0,0,0,,,,,,
26,TWK,"Raisa adalah ASN yang dikenal jujur dan berani bersuara ketika melihat pelanggaran. Namun, setelah dipromosikan menjadi pejabat struktural, ia mulai ragu untuk menegur rekan sejawatnya yang melanggar aturan karena khawatir mengganggu hubungan kerja. Situasi ini paling tepat digunakan untuk menguji...",,Kemampuan beradaptasi dengan struktur birokrasi yang kompleks.,Kecerdasan emosional dalam menjaga hubungan,Ketaatan terhadap prosedur formal dalam menjalankan jabatan.,Konsistensi nilai pribadi dalam menghadapi tanggung jawab baru.,Loyalitas terhadap pimpinan dalam kondisi dilematis.,5,0,0,0,0,,,,,,
27,TWK,"Pak Hatta dikenal sebagai tokoh yang hidup sederhana meskipun pernah menduduki jabatan tinggi negara. Bahkan ia pernah ditolak kartu kredit karena tidak memiliki cukup tabungan pribadi. Dalam berbagai kesempatan, ia juga menolak hadiah dari pihak-pihak yang berkepentingan dengan kebijakan negara. Sikap Pak Hatta tersebut paling mencerminkan nilai integritas berikut, kecuali...",,Keteladanan dalam kejujuran dan kesederhanaan.,Menjaga independensi dari pengaruh kekuasaan eksternal.,Konsistensi antara prinsip dan perilaku dalam kehidupan publik.,Ketegasan dalam mengambil keputusan strategis pemerintahan.,Tanggung jawab moral sebagai pejabat publik terhadap rakyat.,5,0,0,0,0,,,,,,
28,TWK,"Buya Hamka memilih mengundurkan diri dari jabatan Ketua MUI ketika diminta menandatangani fatwa yang bertentangan dengan prinsipnya. Ia lebih memilih menjaga integritasnya meskipun menghadapi tekanan dari pemerintah. Dari tindakan Buya Hamka tersebut, nilai integritas yang paling menonjol adalah...",,"Kejujuran, karena ia menolak fatwa yang bertentangan dengan nuraninya.","Tanggung jawab, karena ia menjalankan perintah atasan dengan penuh kepatuhan.","Keadilan, karena ia mempertimbangkan dampak keputusan terhadap semua pihak.","Keberanian, karena ia mengambil risiko demi mempertahankan prinsip.","Disiplin, karena ia tetap berada dalam aturan organisasi.",5,0,0,0,0,,,,,,
29,TWK,"Seorang penyelidik KPK menemukan bukti kuat keterlibatan kerabat dekatnya dalam kasus suap. Jika ia tetap melanjutkan proses hukum sesuai bukti, maka tindakannya mencerminkan...",,Netralitas dalam konflik kepentingan,Kepatuhan terhadap hukum internal lembaga,Integritas dalam menjalankan tugas,Objektivitas dalam pengambilan keputusan,Profesionalisme berbasis hubungan personal,5,0,0,0,0,,,,,,
30,TWK,"Seorang auditor internal BUMN menemukan indikasi penyimpangan dalam penggunaan dana sponsorship oleh anak perusahaan. Namun, pihak direksi menekan auditor agar tidak melanjutkan laporan tersebut demi menjaga citra perusahaan, dan menjanjikan promosi jika auditor “bersikap bijak”. Tindakan yang paling mencerminkan integritas adalah…",,Melaporkan secara tertutup ke Kementerian BUMN meski berisiko dimutasi,Meminta waktu untuk mengumpulkan bukti lebih kuat agar tidak gegabah,Menolak tekanan direksi namun menyimpan temuan demi stabilitas internal,Menyampaikan temuan kepada komite audit sebagai kompromi internal,Menerima promosi tapi secara perlahan mendorong perbaikan dari dalam,5,0,0,0,0,,,,,,
31,TIU,Kompromi : Konflik = ... : ...,,Aliansi : Musuh,Gencatan : Perang,Solusi : Masalah,Koalisi : Partai,Tawaran : Permintaan,5,0,0,0,0,,,,,,
32,TIU,"Elang : Burung Hantu : Aves
Hubungan yang setara terdapat pada:",,Hiu : Paus : Mamalia,Kelinci : Anjing : Karnivora,Harimau : Serigala : Kucing Besar,Gajah : Rusa : Vertebrata,Semut : Belalang : Serangga,5,0,0,0,0,,,,,,
33,TIU,"Andi selalu latihan rutin untuk meningkatkan performanya saat bertanding.
Hubungan tersebut setara dengan...",,Mira sering berlibur panjang agar pikirannya kembali segar.,Rina belajar secara intensif supaya pemahamannya makin dalam,Toni makan makanan bergizi agar tulangnya kuat.,Dedi minum suplemen energi sebelum bermain bola.,Dina tidur cukup supaya tidak mengantuk di pagi hari.,5,0,0,0,0,,,,,,
34,TIU,"Guru memberikan nasihat kepada muridnya agar tetap semangat belajar.
Hubungan ini setara dengan...",,Dokter memberikan obat kepada pasien yang mengalami demam.,Kakak menasihati adik agar tidak pulang larut malam.,Petugas keamanan memeriksa barang bawaan setiap pengunjung.,Pemimpin upacara memberi aba-aba kepada peserta upacara.,Pemuka agama mengingatkan umatnya untuk berbuat kebaikan.,5,0,0,0,0,,,,,,
35,TIU,"Di sebuah sekolah, semua siswa kelas 9 diwajibkan mengikuti ujian praktik komputer.
Rania adalah salah satu siswa yang akan naik kelas 9 dan aktif dalam kegiatan ekstrakurikuler.
Ia sering membantu guru komputer di laboratorium setiap hari Senin.
kesimpulannya adalah…",,Semua siswa yang aktif ekstrakurikuler mengikuti ujian praktik komputer.,Rania membantu guru komputer karena ingin belajar lebih banyak.,Semua siswa kelas 9 aktif di kegiatan ekstrakurikuler.,Rania wajib mengikuti ujian praktik komputer.,Rania belum wajib mengikuti ujian praktik komputer.,5,0,0,0,0,,,,,,
36,TIU,"Di sebuah kota, pemerintah mengadakan program pelatihan kerja gratis bagi warga usia produktif.
Tidak semua warga usia produktif mendaftar dalam program tersebut.
Sebagian peserta yang mendaftar adalah lulusan SMA, dan sebagian lainnya lulusan universitas.
Sementara itu, Bagas adalah lulusan SMA yang sedang sibuk mengelola usaha keluarganya.
Kesimpulannya adalah…",,Bagas pasti mengikuti pelatihan karena dia lulusan SMA,Bagas tidak ikut pelatihan karena dia sibuk,Semua warga usia produktif wajib mengikuti pelatihan kerja.,Bagas sedang sibuk dengan usaha keluarganya,Tidak dapat disimpulkan,5,0,0,0,0,,,,,,
37,TIU,"Semua karyawan yang berhasil menyelesaikan proyek besar dalam tiga bulan pertama akan mendapatkan promosi jabatan. Andi adalah salah satu karyawan yang berhasil menyelesaikan proyek besar tersebut dalam waktu dua bulan. Selain itu, ia juga mendapat apresiasi langsung dari direksi.
Kesimpulan yang paling tepat berdasarkan pernyataan di atas adalah...",,Andi tidak mendapatkan promosi karena belum cukup tiga bulan.,Andi mendapatkan promosi jabatan.,Andi mendapatkan promosi jabatan karena mendapat apresiasi dari direksi.,Andi mendapatkan promosi karena menyelesaikan proyek dan aktif bekerja lembur,Tidak dapat disimpulkan,5,0,0,0,0,,,,,,
38,TIU,"Dalam sebuah universitas, mahasiswa yang mengambil mata kuliah Metodologi Penelitian harus sudah menyelesaikan mata kuliah Statistika Dasar.
Mahasiswa yang telah menyelesaikan Statistika Dasar diperbolehkan mengakses database penelitian kampus.
Nadia saat ini sedang mengambil mata kuliah Metodologi Penelitian dan aktif melakukan pencarian data dari database kampus.
Kesimpulan yang paling tepat adalah…",,Nadia mengambil Metodologi Penelitian karena ingin mengakses database.,Nadia belum menyelesaikan Statistika Dasar.,Nadia telah menyelesaikan Statistika Dasar.,Semua mahasiswa yang mengambil Metodologi Penelitian otomatis mengakses database.,Nadia mengikuti Statistika Dasar dan Metodologi Penelitian secara bersamaan.,5,0,0,0,0,,,,,,
39,TIU,"Enam orang karyawan — Adit, Beni, Cika, Dira, Eko, dan Fani — duduk mengelilingi meja bundar untuk briefing pagi. Berikut ini adalah informasi tentang posisi duduk mereka:
1. Adit duduk di antara Beni dan Fani.
2. Cika duduk dua tempat di sebelah kiri Adit.
3. Dira tidak duduk di sebelah langsung Adit maupun Fani.
Siapakah yang duduk berhadapan dengan Dira?",,Fani,Beni,Eko,Adit,Cika,5,0,0,0,0,,,,,,
40,TIU,"Seorang kurir ingin mengantar paket dari Kota A menuju Kota F. Terdapat beberapa rute alternatif dengan jalur yang bercabang di beberapa kota:
1. Dari Kota A, bisa ke Kota B atau Kota C
2. Dari Kota B, bisa ke Kota D atau Kota E
3. Dari Kota C, bisa ke Kota F atau Kota G
4. Dari Kota E, bisa ke Kota F
5. Dari Kota G, bisa ke Kota F
Berapa banyak jalur berbeda yang bisa dipilih kurir dari Kota A ke Kota F?",,2,3,4,5,6,5,0,0,0,0,,,,,,
41,TIU,"Delapan orang sahabat rutin jogging setiap sore hari. Mereka adalah Anton, Brian, Charly, Dito, Emo, Fiandi, Gilang, dan Hanusa. Agar jogging terlihat rapi mereka berlari berpasangan membentuk 4 baris dengan informasi berikut:
1. Anton berada persis di depan Dito
2. Charly berada persis di depan Fiandi
3. Fiandi berdampingan dengan Emo
4. Charly terletak di urutan kedua diatas Fiandi dan Galang
5. Hanusa berada di belakang Emo
6. Sedangkan Brian berlari berdampingan dengan Anton
Pernyataan yang benar adalah...",,Posisi Dito terletak diantara Anton dan Emo,Posisi Gilang lebih depan dariapada Emo,Posisi Hanusa berada di samping Fiandi,Posisi Fiandi terletak di depan Emo,Posisi Brian dibelakang Gilang,5,0,0,0,0,,,,,,
42,TIU,"Lima orang sahabat yang memiliki hobi yang sama yaitu lari marathon, mengikuti kegiatan Borobudur Marathon tahun ini. Kelima orang tersebut, Aurel, Bisma, Cristian, Dimas, dan Eko berhasil mencapai garis finish dengan urutan sebagai berikut:
1. Dimas finish sesudah Bisma tetapi sebelum Cristian.
2. Eko finish tepat setelah Bisma finish.
3. Aurel finish tepat setelah Dimas finish.
Urutan finish kelima orang tersebut adalah ....",,Bisma - Dimas - Eko - Aurel - Cristian,Bisma - Dimas - Eko - Aurel - Cristian,Bisma - Eko - Dimas - Aurel - Cristian,Bisma - Eko - Dimas - Cristian -Aurel,Bisma - Eko - Aurel - Dimas - Cristian,5,0,0,0,0,,,,,,
43,TIU,"Harga sebuah laptop adalah Rp15.000.000. Tentukan hubungan antara A dan B berdasarkan informasi berikut:
A
B
Harga laptop jika diskon 25%
Harga laptop jika diskon 15% + 10%",,A > B,A = B,A - B > 0,A - B < 0,B - A > 250.000,5,0,0,0,0,,,,,,
44,TIU,"Sebelumnya
Selanjutnya
Sebuah mesin pompa air membutuhkan 25 liter bensin untuk memompa air selama 4 jam. Jika mesin tersebut digunakan untuk memompa air selama 10 jam, maka jumlah tambahan bensin yang dibutuhkan adalah...",,"62,5 liter","37,5 liter",25 liter,15 liter,"12,5 liter",5,0,0,0,0,,,,,,
45,TIU,"Sebuah bus menempuh jarak dari Kota A ke Kota B dalam waktu 4 jam dengan kecepatan rata-rata 60 km/jam. Ketika kembali dari Kota B ke Kota A, kecepatan rata-ratanya menjadi 80 km/jam, namun bus berhenti 30 menit untuk istirahat. Berapa lama total waktu perjalanan dari Kota A ke Kota B dan kembali lagi?",,6 jam 30 menit,7 jam,7 jam 30 menit,8 jam,8 jam 30 menit,5,0,0,0,0,,,,,,
46,TIU,"Sebuah tim yang terdiri dari 8 tukang kebun mampu menyelesaikan pembuatan taman seluas 1.200 m² dalam waktu 6 hari kerja. Ternyata, proyek tersebut harus selesai 2 hari lebih cepat dari rencana awal. Namun, di hari ke-3 dari pengerjaan proyek, 2 tukang berhenti dan tidak kembali. Berapakah jumlah pekerja yang harus ada sejak awal agar taman bisa selesai tepat waktu?",,10 pekerja,11 pekerja,12 pekerja,13 pekerja,14 pekerja,5,0,0,0,0,,,,,,
47,TIU,"Andi bisa menyelesaikan suatu pekerjaan dalam 12 hari, sedangkan Budi bisa menyelesaikan pekerjaan yang sama dalam 8 hari. Jika mereka bekerja bersama-sama selama 3 hari, berapa bagian pekerjaan yang sudah selesai?",,3/8,5/8,15/12,3/5,7/10,5,0,0,0,0,,,,,,
48,TIU,"Seekor kambing A dapat menghabiskan 60 kg pakan dalam 5 hari. Seekor kambing B dapat menghabiskan 90 kg pakan dalam 6 hari. Jika keduanya makan bersama-sama, berapa kg pakan yang mereka habiskan dalam 2 hari?",,27 kg,35 kg,48 kg,54 kg,65 kg,5,0,0,0,0,,,,,,
49,TIU,"Berikut adalah data siswa:
Nama
Nilai Bahasa Inggris
Gaji Orang Tua (Rp)
Rina
78
3.800.000
Dedi
72
4.100.000
Sari
85
4.000.000
Agus
68
3.900.000
Wati
90
3.700.000
Toni
80
4.200.000
Sebuah program beasiswa akan diberikan kepada siswa yang memenuhi syarat berikut:
-Nilai Bahasa Inggris minimal 75
-Gaji orang tua maksimal Rp 4.000.000
Siapakah siswa yang berhak mendapatkan beasiswa berdasarkan data di atas?",,"Dedi, Agus, Toni","Rina, Wati","Rina, Sari, Wati","Sari, Wati, Toni","Rina, Sari, Wati, Toni",5,0,0,0,0,,,,,,
50,TIU,"Berikut adalah nilai ujian masuk lima siswa yang mengikuti tes beasiswa pada tiga subtes: Matematika, Bahasa Inggris, dan IPA.
Nama
Matematika
Bahasa Inggris
IPA
Rina
88
70
80
Sari
72
80
85
Dedi
90
85
88
Wati
65
75
70
Budi
78
68
80
Untuk lolos ke tahap seleksi wawancara, peserta harus memenuhi nilai ambang batas sebagai berikut:
Matematika: 75, Bahasa Inggris: 70, IPA: 80.
Formasi yang dibutuhkan hanya untuk 1 orang, sehingga yang lanjut ke tahap wawancara adalah 3 kali formasi berdasarkan urutan nilai.
Maka siapakah yang lolos ke tahap wawancara?",,"Dedi, Sari, Budi","Rina, Dedi, Sari",Dedi dan Rina,Rina dan Budi,"Rina, Budi, Wati",5,0,0,0,0,,,,,,
51,TIU,"-16, 14, -2, 12, 10, ...",,-12,12,22,-24,23,5,0,0,0,0,,,,,,
52,TIU,"20, 21, 41, -20, 21, -41, -20, ...",,-61,-41,-21,20,21,5,0,0,0,0,,,,,,
53,TIU,"9, 9, 9, 6, 9, 3, ..., ...",,"9, 11","13, 17","19, 10","9, 0","11, 9",5,0,0,0,0,,,,,,
54,TIU,,,,,,,,,,,,,,,,,,
55,TIU,,,,,,,,,,,,,,,,,,
56,TIU,,,,,,,,,,,,,,,,,,
57,TIU,,,,,,,,,,,,,,,,,,
58,TIU,,,,,,,,,,,,,,,,,,
59,TIU,,,,,,,,,,,,,,,,,,
60,TIU,,,,,,,,,,,,,,,,,,
61,TIU,,,,,,,,,,,,,,,,,,
62,TIU,,,,,,,,,,,,,,,,,,
63,TIU,,,,,,,,,,,,,,,,,,
64,TIU,,,,,,,,,,,,,,,,,,
65,TIU,,,,,,,,,,,,,,,,,,
66,TKP,"Firda, petugas layanan di kantor pemerintah, melihat penyandang disabilitas kesulitan mengisi formulir bantuan sosial. Antrean panjang membuat pengunjung lain mulai tidak sabar. Sikap terbaik Firda adalah…",,Menyuruh ibu tersebut untuk menunggu giliran seperti warga lainnya agar tidak dianggap pilih kasih.,Menyuruh ibu tersebut untuk menunggu giliran seperti warga lainnya agar tidak dianggap pilih kasih.,"Menugaskan rekan kerja untuk melayani ibu tersebut secara khusus, sementara Anda melanjutkan melayani pengunjung lainnya.",Membantu ibu tersebut dengan cara membimbingnya secara singkat dan jelas agar ia dapat menyelesaikan urusannya tanpa menghambat pelayanan bagi pengunjung lain,"Memberikan formulir untuk dibawa pulang dan menyuruh ibu tersebut datang lagi setelah formulir diisi, agar tidak mengganggu proses pelayanan di tempat.",1,2,3,4,5,,,,,,
67,TKP,"Sari, petugas Disdukcapil, didatangi Pak Budi yang meminta percepatan pengurusan akta kelahiran dengan nada tinggi, mengeluh antrean panjang, dan mengancam akan melaporkannya jika tidak segera dibantu. Sikap Sari yang tepat adalah…",,"Meminta maaf dan menjelaskan bahwa ada prosedur dan antrian yang harus diikuti pelanggan, lalu memintanya menunggu giliran dengan sabar agar segera ditangani.",Meminta Pak Budi untuk tenang dan akan memanggil pihak keamanan jika ia tidak menurunkan nada bicaranya.,"Mengutamakan Pak Budi terlebih dahulu untuk menjaga kenyamanan dan keamanan para pelanggan lain, kemudian melanjutkan pelayanan pada warga lain.","Mengabaikan Pak Budi dan melanjutkan pelayanan pada warga lain, karena ia berbicara dengan nada tinggi yang tidak sopan.","Menyampaikan permohonan maaf atas ketidaknyamanannya, lalu menyarankan untuk kembali sore nanti saat antrian sudah mulai sepi agar dapat dilayani dengan optimal.",1,2,3,4,5,,,,,,
68,TKP,"Pak Indra, teknisi perusahaan air, sedang memperbaiki meteran di rumah pelanggan. Tetangga pelanggan meminta dipasangkan meteran baru tanpa melalui prosedur resmi, padahal sesuai aturan pemasangan harus dilaporkan terlebih dahulu. Tindakan yang sebaiknya dilakukan Pak Indra adalah…",,Mengatakan bahwa hal itu tidak bisa dilakukan karena tidak sesuai SOP yang berlaku,Menyampaikan bahwa itu ada prosedurnya dan tetap tersenyum ramah kepadanya,Menjelaskan prosedur pendaftarannya dan akan ikut memantau perkembangannya,Segera membantunya karena itu salah satu bentuk pelayanan yang maksimal,Menolak dengan halus dan berjanji akan membantu memasangkan jika nanti sudah masuk aduan secara resmi,1,2,3,4,5,,,,,,
69,TKP,"Hikmah, petugas perpustakaan universitas, melihat beberapa pengunjung berbicara terlalu keras sehingga mengganggu ketenangan dan kenyamanan lainnya. Tindakan yang sebaiknya dilakukan adalah…",,Menegur siapa saja yang membuat kericuhan di area perpustakaan dan mengingatkan untuk tidak mengulangi nya lagi jika tidak ingin dikeluarkan,Membuat aturan yang berisi larangan untuk mengganggu dan menimbulkan kericuhan beserta sanksinya,Membuat aturan yang menyatakan larangan berbicara di area perpustakaan,Meminta dengan sopan bagi yang ketahuan berbicara untuk keluar dari perpustakaan,Menutup perpustakaan sementara waktu sampai situasi kembali kondusif,1,2,3,4,5,,,,,,
70,TKP,"Ihsan adalah CPNS baru dan bekerja sebagai staf administrasi di kantor pemerintahan. Pada suatu hari, atasannya meminta untuk mengubah data tertentu dalam laporan tahunan yang akan diajukan ke publik. Menurut atasan, perubahan ini tidak signifikan dan tidak akan ada yang menyadarinya. Apa yang akan Anda lakukan?",,Mengikuti instruksi karena itu merupakan suatu bentuk kepatuhan terhadap atasan.,Mencoba menolak secara halus dan mencari solusi lainnya bersama atasan.,Segera melaporkan atasan kepada pihak berwenang karena tindakan ini merupakan pelanggaran etika.,Mencari tahu lebih dulu alasan di balik perubahan yang diminta oleh atasan.,Menolak permintaan tersebut dan menjelaskan pentingnya kejujuran dalam penyusunan laporan.,1,2,3,4,5,,,,,,
71,TKP,"Andi, karyawan sebuah perusahaan, mendapat akses perangkat lunak kolaborasi tim berbasis cloud. Meski sudah mengikuti pelatihan, ia masih nyaman memakai cara lama seperti email berulang dan rapat fisik yang memakan waktu. Yang sebaiknya dilakukan adalah…",,Meminta pelatihan tambahan untuk memahami perangkat lunak baru tersebut agar bisa mulai menggunakannya.,Tetap menggunakan metode lama untuk komunikasi dan berbagi dokumen karena sudah nyaman dengan cara tersebut.,Mencoba menggunakan perangkat lunak baru untuk komunikasi internal meskipun belum sepenuhnya memahami cara kerjanya.,"Mengajak rekan-rekannya untuk tetap menggunakan email dan rapat fisik saja, karena mereka semua sudah terbiasa dengan metode tersebut.",Menggabungkan penggunaan perangkat lunak baru dengan metode lama agar transisi dapat terjadi meskipun tidak bisa cepat.,1,2,3,4,5,,,,,,
72,TKP,"Gio, pemimpin komunitas dengan beragam latar budaya dan agama, menghadapi maraknya hoaks yang memicu kebencian dan memperuncing ketegangan antarwarga. Ia merasa perlu bertindak untuk melawan hoaks dan menjaga kerukunan. Tindakan yang sebaiknya dilakukan adalah…",,Mengumpulkan warga untuk memberikan edukasi tentang cara mengenali informasi hoaks dan pentingnya memverifikasi sumber informasi.,Meminta warga untuk mengabaikan hoaks tersebut dan fokus pada kegiatan positif lain yang dapat meningkatkan kebersamaan warga.,Mengeluarkan pernyataan publik yang menolak hoaks tersebut dan menyerukan kepada semua pihak untuk tidak menyebarluaskannya.,Meminta pihak berwenang untuk menindak semua penyebar hoaks agar tidak mengganggu ketentraman masyarakat.,Mendorong warga untuk mengadukan informasi yang mereka anggap sebagai hoaks tanpa melakukan verifikasi terlebih dahulu.,1,2,3,4,5,,,,,,
73,TKP,"Raka bekerja di sebuah perusahaan yang baru saja membuka cabang di daerah dengan budaya berbeda dari daerah asalnya. Dalam pertemuan dengan klien lokal, salah satu anggota timnya menggunakan contoh yang relevan di daerah asal, namun tidak dikenal oleh klien, sehingga klien merasa kurang dipahami dan dihargai. Raka menyadari pendekatan ini bisa berdampak negatif pada hubungan jangka panjang. Yang sebaiknya ia lakukan adalah…",,Memberitahu anggota tim bahwa mereka harus menggunakan contoh yang lebih umum dan dapat dipahami oleh semua orang di rapat berikutnya.,Mengadakan pelatihan untuk seluruh anggota tim tentang sensitivitas budaya dan cara berkomunikasi yang lebih sesuai dengan budaya lokal.,Menyampaikan kepada klien bahwa hal ini hanya kesalahpahaman kecil dan tidak perlu diperbesar.,Meminta anggota tim untuk meminta maaf kepada klien dan memastikan bahwa kesalahan tersebut tidak akan terulang.,Mengganti anggota tim yang bersangkutan dalam proyek ini dengan orang yang lebih paham tentang budaya lokal.,1,2,3,4,5,,,,,,
74,TKP,"Anda adalah kepala daerah di kota yang berkembang pesat. Terjadi ketegangan antara pedagang pasar tradisional dan PKL yang berdagang di sekitar pasar, mengganggu akses jalan utama dan memicu persaingan tidak sehat. Situasi memanas hingga terjadi adu mulut, dan masyarakat khawatir akan terjadi kerusuhan. Tindakan yang sebaiknya Anda lakukan adalah…",,Menyiapkan kebijakan yang tegas dan memberi sanksi kepada para PKL yang melanggar aturan tata kota.,Memanggil perwakilan dari PKL dan pedagang pasar tradisional serta memediasi pertemuan keduanya untuk membahas duduk perkara,Mengadakan patroli rutin di sekitar pasar untuk menghindari potensi kericuhan yang lebih besar.,Memberikan sosialisasi kepada masyarakat tentang pentingnya menjaga ketertiban di ruang publik.,Mencari alternatif lokasi bagi para PKL agar tidak mengganggu aktivitas di sekitar pasar tradisional.,1,2,3,4,5,,,,,,
75,TKP,"Rina dan Toni bekerja di perusahaan teknologi. Divisi mereka menghadapi masalah teknis serius yang menyebabkan keterlambatan proyek. Sebagai manajer, Toni ingin memecahkan masalah secara objektif tanpa menimbulkan gesekan di tim. Tindakan yang sebaiknya dilakukan Toni adalah…",,"Meminta saran dari semua anggota tim, melakukan revisi secara menyeluruh, dan mengajak tim untuk menerapkan rencana bersama yang disepakati.","Meminta saran dari anggota tim, lalu segera membuat keputusan yang cepat untuk segera dapat diterapkan dan dipatuhi secara bersama oleh seluruh anggota tim.","Meminta masukan dari anggota tim, melakukan revisi hanya pada aspek tertentu, dan bersama-sama melaksanakan rencana yang telah disepakati.","Menunda pengambilan keputusan karena masalah ini lebih rumit daripada yang diperkirakan sebelumnya, dan perlu banyak waktu untuk mempertimbangkannya.",Menegaskan bahwa semua anggota tim harus mengikuti kebijakan yang ada dan menyelesaikan masalah sesuai arahan manajemen.,1,2,3,4,5,,,,,,
76,TKP,"Ardi baru bergabung sebagai koordinator sebuah proyek lintas departemen dengan kepentingan berbeda. Di rapat pertama, ia melihat beberapa anggota mendominasi diskusi, sementara yang lain lebih banyak diam dan belum memahami peran serta tujuan proyek. Langkah awal Ardi agar semua anggota dapat berkontribusi efektif adalah…",,"Mendorong setiap anggota untuk terbiasa mencoba menyampaikan pendapatnya, meskipun belum terlalu memahami proyek secara keseluruhan.","Membiarkan anggota yang mendominasi untuk berbicara lebih banyak, agar forum selalu hidup dan ramai pendapat.",Menjelaskan kembali tujuan dan peran masing-masing anggota serta mengendalikan diskusi dari dominasi sebagian anggota.,Memberikan waktu tambahan kepada anggota yang belum banyak berkontribusi agar mempersiapkan diri sebelum menyampaikan pendapat.,Membagi tim menjadi kelompok yang lebih kecil sehingga diskusi dapat menjadi lebih fokus dan efisien.,1,2,3,4,5,,,,,,
77,TKP,"Anda diminta atasan membentuk tim untuk menyelesaikan proyek teknologi dengan deadline singkat. Meski merasa butuh waktu lebih, atasan tetap menuntut selesai tepat waktu. Tindakan yang sebaiknya Anda lakukan adalah…",,Meminta izin untuk mundur dari proyek tersebut karena sudah memprediksi tidak sanggup menyelesaikannya,Menambah lagi jumlah rekan kerja anda dalam kelompok kerja karena pekerjaan ini harus diselesaikan secepatnya,Membuat sebuah program atau aplikasi yang dapat mendukung kecepatan bekerja dan mengkomunikasikan hal tersebut ke kelompok anda,Melakukan rapat singkat ke kelompok kerja untuk membahas cara mempercepat pekerjaan ini karena percaya dengan kelompok kerja yang sudah dipilih,Mempelajari tugas ini terlebih dahulu kemudian kembali berdiskusi ke atasan apakah bisa atau tidak melakukan pekerjaan ini dalam waktu yang sangat singkat,1,2,3,4,5,,,,,,
78,TKP,"Andre mengikuti pelatihan perangkat lunak baru secara online, namun kesulitan membagi waktu antara pelatihan dan pekerjaan rutin. Tindakan yang sebaiknya Andre lakukan adalah…",,"Fokus mengikuti pelatihan terlebih dahulu, lalu menyelesaikan pekerjaannya setelah pelatihan selesai meskipun harus lembur.",Menunda pelatihan dan fokus menyelesaikan pekerjaan yang menjadi prioritas.,Mengatur jadwal sedapat mungkin agar bisa mengikuti pelatihan dan tetap selesaikan pekerjaan secara bertahap.,Meminta pertimbangan dari atasan terkait waktu penyiapan pekerjaannya agar saat ini ia bisa fokus penuh pada pelatihan.,"Menyelesaikan semua pekerjaan terlebih dahulu, lalu mengikuti pelatihan lewat rekaman setelah jam kerja.",1,2,3,4,5,,,,,,
79,TKP,"Eman menerima pesan berantai di grup media sosial kantor dari temannya. Pesan itu berisi ajakan untuk menyebarkan himbauan menentang pemerintahan yang dianggap tidak memiliki visi jelas, dan meminta untuk diteruskan ke grup lain. Beberapa rekan kerja sudah membagikannya tanpa mengecek kebenarannya. Tindakan yang sebaiknya dilakukan oleh Eman adalah…",,Membiarkan pesan tersebut beredar karena setiap orang berhak berpendapat.,Segera membagikan pesan tersebut untuk mengikuti anjuran dan semakin banyak orang lain yang mengetahuinya dalam rangka mewujudkan demokrasi.,Mengingatkan rekan tersebut lewat pesan pribadi bahwa pesan yang dikirimkan berbahaya dan menasehatinya agar segera mengklarifikasi hal tersebut di grup.,Segera melaporkan pesan tersebut kepada pimpinan kantor agar dapat diambil tindakan lebih lanjut terkait rekan yang bersangkutan.,Mengingatkan rekan-rekannya di grup untuk tidak sembarangan menyebarkan pesan tanpa mengecek isinya dan memastikan dahulu kebenarannya.,1,2,3,4,5,,,,,,
80,TKP,"Khairul, kepala bagian IT, menghadapi gangguan server saat jam sibuk akibat trafik tinggi yang menyebabkan overload. Tim IT sedang memperbaiki masalah, namun sebagian karyawan mendesak mematikan server sementara, sementara lainnya ingin tetap menjalankannya meski lambat. Sikap yang sebaiknya diambil Khairul adalah…",,Mematikan server secara keseluruhan sementara waktu agar tim IT bisa memperbaiki masalah tanpa harus mengalami gangguan.,Membiarkan server tetap berjalan meskipun dengan kondisi terbatas sambil mencari solusi cepat yang dapat mengurangi trafik.,Menyampaikan kepada seluruh pengguna untuk berhenti menggunakan sistem sementara waktu agar server tidak overload.,Mengadakan pertemuan darurat dengan tim IT seluruhnya untuk mengevaluasi penyebab overload dan membuat rencana jangka panjang.,Meminta penambahan kapasitas server kepada atasan dengan segera tanpa harus mengurangi tekanan pada sistem.,1,2,3,4,5,,,,,,
81,TKP,Laras merupakan manager hotel yang berlokasi di pusat kota. Hotel tersebut baru saja mendapatkan complaint dari pelanggan karena kamar yang disediakan tidak terlalu bersih serta makanan yang kurang enak. Para pengunjung memberikan komentar langsung di akun sosial media hotel. Maka yang Laras lakukan adalah.....,,Mengadakan rapat dengan tim kebersihan dan dapur untuk mengevaluasi masalah dan mencari solusi.,"Menyusun rencana peningkatan layanan, seperti pelatihan staf untuk menjaga kualitas kebersihan dan rasa makanan, lalu mempromosikan perubahan tersebut di media sosial.",Meminta maaf kepada pelanggan dan akan meningkatkan layanan hotel serta memberikan diskon kepada pengunjung untuk kedatangan berikutnya.,Menunggu review lainnya dari pengunjung lain karena bisa jadi yang memberikan komentar adalah kompetitor bisnis.,Memecat beberapa staff yang gagal dalam memberikan pelayanan terbaik.,1,2,3,4,5,,,,,,
82,TKP,Anda merupakan salah satu tim panitia acara seminar Internasional yang bertugas untuk menjadi LO (Liaison Officer). Anda mendapatkan tugas untuk mengarahkan tamu yang berasal dari beberapa negara tetangga. Anda diminta oleh panitia untuk menjadi LO yang aktif agar tamu mendapatkan kepuasan terhadap pelayanan yang diberikan. Maka sebaiknya yang anda lakukan adalah......,,Menunggu tamu di lokasi acara sambil memastikan semua informasi acara sudah siap diberikan begitu mereka tiba.,"Menghubungi tamu sebelum acara dan menanyakan kebutuhan khusus mereka, serta mendampingi selama kegiatan.",Menyambut tamu dengan ramah saat tiba di lokasi dan menawarkan bantuan terkait transportasi serta informasi acara.,"Memastikan seluruh kebutuhan tamu telah disiapkan, serta mendampingi mereka selama acara berlangsung.",Menyediakan booklet panduan acara yang detail dan mendistribusikannya ke tamu untuk membantu mereka memahami acara dengan lebih mudah.,1,2,3,4,5,,,,,,
83,TKP,"Anda berasal dari kampung dan kini sedang berkuliah di kota. Selama proses pembelajaran, Anda merasakan kesulitan beradaptasi, terutama karena tidak ada satu pun teman sekelas yang ingin bekerja sama dalam kelompok dengan Anda. Mereka menganggap Anda sangat pendiam dan sulit memahami materi. Maka sebaiknya sikap Anda adalah…..",,"Mencari teman sekelas yang juga kesulitan beradaptasi dan bersama-sama membentuk kelompok belajar, sehingga Anda bisa saling mendukung.",Aktif dikelas dengan strategi sebelum pembelajaran Anda membaca materi agar mudah berdiskusi dengan rekan lainnya.,Menyampaikan kepada dosen tentang kesulitan yang Anda alami dan meminta bantuan untuk mendapatkan teman kelompok yang lebih suportif.,"Berusaha untuk berbicara lebih aktif dalam kelas meskipun merasa canggung, agar teman-teman sekelas mulai mengenali Anda.",Mengambil kursus tambahan di luar jam kuliah untuk memperdalam pemahaman materi dan meningkatkan kepercayaan diri Anda.,1,2,3,4,5,,,,,,
84,TKP,"Anda memiliki rekan kerja yang aktif memberi ide kreatif saat diskusi, tetapi saat pelaksanaan kegiatan ia tidak menjalankan tugasnya dan acuh terhadap tanggung jawab. Akibatnya, Anda harus mengerjakan tugas tersebut sendirian. Sikap Anda yang sebaiknya adalah…",,Mengganggap kondisi tersebut adalah hal yang wajar dan setiap anggota tim harus bisa saling melengkapi satu sama lain.,Memberikan teguran langsung kepada rekan kerja dan mengingatkan untuk lebih bertanggung jawab terhadap tugasnya.,Melaporkan perilaku rekan kerja kepada atasan agar bisa mendapatkan tindakan lebih lanjut.,Mengajak diskusi untuk menanyakan kendala yang dihadapi serta mencari solusi bersama.,Mengambil alih tugas tersebut dan tetap bersikap profesional tanpa mempersoalkan perilaku rekan kerja.,1,2,3,4,5,,,,,,
85,TKP,"Azriel, CPNS baru di sebuah kementerian, diwajibkan membuat SKP sebagai syarat pelantikan menjadi PNS, namun belum memahami cara mengisinya. Sebagai rekan kerja, sikap Anda yang sebaiknya adalah…",,Memberikan panduan tertulis kepada Azriel agar Ia bisa mempelajarinya.,Mengarahkan Azriel untuk bertanya kepada atasan langsung mengenai cara pengisian SKP.,Memberikan waktu luang untuk menjelaskan langkah-langkah pengisian SKP secara rinci.,Memberikan contoh SKP yang telah Anda buat kepada Azriel agar Ia tinggal menyesuaikan dengan bagian-bagian yang belum Ia pahami,Menyarankan Azriel untuk mengikuti pelatihan atau workshop terkait pengisian SKP.,1,2,3,4,5,,,,,,
86,TKP,Daniel tergabung dalam organisasi kepemudaan Provinsi. Ia menyarankan kepada Anda sebagai ketua asosiasi pemuda provinsi untuk melaksanakan Kerjasama dengan BNPT dalam mencegah tindakan radikalisme melalui kegiatan seminar wawasan kebangsaan. Maka sebaiknya sikap Anda adalah….,,"Mendukung dan menyetujui usulan Daniel, lalu mengadakan rapat dengan anggota asosiasi untuk membahas detail kerjasama dan pelaksanaan seminar.",Menolak usulan tersebut karena merasa bahwa organisasi pemuda harus fokus pada kegiatan lain yang lebih mendesak dan relevan dengan kebutuhan masyarakat saat ini.,"Menerima usulan Daniel, tetapi meminta agar seminar tersebut dilakukan tanpa melibatkan BNPT dan dikelola secara mandiri oleh asosiasi pemuda.","Menyepakati usulan Daniel, namun meminta agar seminar juga mencakup topik tentang hak asasi manusia dan toleransi untuk menciptakan pemahaman yang lebih luas.",Mengajukan pertanyaan kepada Daniel dan anggota asosiasi lainnya untuk menggali lebih dalam mengenai rencana dan tujuan seminar sebelum mengambil keputusan.,1,2,3,4,5,,,,,,
87,TKP,"Anda merupakan seorang pensiunan PNS. Anda sangat senang untuk mengisi waktu dengan berkebun. Namun, Anda diminta oleh warga untuk menjadi kepala kampung. Maka sebaiknya yang anda lakukan adalah......",,"Menolak secara halus dan berterima kasih atas kepercayaan warga, dengan alasan ingin menikmati masa pensiun dengan tenang tanpa terlibat dalam kegiatan formal, namun tetap bersedia membantu kampung dalam kegiatan sosial.",Menerima permintaan warga dengan syarat bahwa Anda akan melibatkan lebih banyak generasi muda dalam melaksanakan program kampung untuk memastikan kesinambungan pembangunan kampung.,Menerima langsung tawaran tersebut sebagai bentuk pengabdian kepada masyarakat dan berjanji akan menggunakan pengalaman sebagai PNS untuk membangun kampung dengan lebih baik.,"Meminta waktu untuk berpikir dan berkonsultasi dengan keluarga serta tokoh masyarakat sebelum mengambil keputusan, untuk memastikan bahwa pilihan yang diambil adalah yang terbaik bagi semua pihak.","Menolak secara tegas dengan menjelaskan bahwa menjadi kepala kampung membutuhkan energi dan fokus yang mungkin tidak lagi Anda miliki, tetapi menawarkan diri untuk mendukung dari belakang sebagai penasihat.",1,2,3,4,5,,,,,,
88,TKP,"Hilda, kepala sub bagian umum dan kepegawaian, memiliki atasan perfeksionis yang memeriksa laporan dan program secara sangat teliti, berbeda dengan atasan sebelumnya yang lebih memberi kepercayaan. Sikap Hilda yang sebaiknya adalah…",,Menyampaikan kepada pimpinannya bahwa ia merasa lebih nyaman dengan pendekatan kepemimpinan yang memberikan kepercayaan penuh tanpa memeriksa secara detail.,Mengabaikan perbedaan gaya kepemimpinan dan tetap bekerja sesuai dengan tugas dan tanggung jawab.,"Berusaha menyesuaikan diri dengan tuntutan pimpinannya saat ini, sambil secara bertahap memberikan saran untuk lebih mendelegasikan tanggung jawab.",Mengikuti gaya kepemimpinan pimpinannya saat ini dan memastikan setiap laporan serta program disiapkan dengan sangat detail agar sesuai dengan harapan.,Mengikuti gaya kepemimpinan yang baru dan memberikan usul untuk tidak terlalu detail jika pimpinan meminta masukan.,1,2,3,4,5,,,,,,
89,TKP,"Amelia mendapat tugas mengelola data keuangan dengan software baru di kantornya, namun ia kesulitan karena belum memahami cara kerjanya. Sikap Amelia yang sebaiknya adalah…",,"Mengkombinasikan penggunaan software terbaru dan lama, agar dapat menyelesaikan laporan tepat waktu.",Mencari panduan atau tutorial mengenai software tersebut secara mandiri dan mencoba memahami cara menggunakannya.,"Menghubungi rekan kerja yang lebih paham teknologi untuk meminta bantuan segera, agar tugasnya bisa cepat diselesaikan.",Melaporkan masalah ini kepada manajer dan meminta perpanjangan waktu penyelesaian laporan  untuk mempelajari software lebih lanjut.,"Mengabaikan kesulitan tersebut dan mencoba menyelesaikan tugas tanpa menggunakan software baru, meskipun hasilnya tidak sesuai harapan.",1,2,3,4,5,,,,,,
90,TKP,"Dalam rapat desa membahas keamanan desa, pengurus kampung ingin perwakilan mendapat kompensasi dari dana desa. Pihak desa menolak karena dianggap inisiatif yang tidak bisa dianggarkan. Suasana rapat memanas. Jika Anda sebagai ketua forum, Anda akan…",,Meminta pendapat dari para pengurus kampung satu per satu untuk memberikan ruang diskusi yang lebih terstruktur agar semua pandangan dapat didengar secara baik.,Mengingatkan semua pihak tentang pentingnya menjaga ketertiban dalam forum dan mencoba merumuskan solusi yang bersifat kompromis berdasarkan aturan yang berlaku.,Meminta jeda sementara untuk meredakan suasana dan memberikan kesempatan kepada setiap pihak untuk meninjau ulang argumen mereka.,Menjelaskan peraturan terkait penggunaan dana desa secara lebih rinci agar semua pihak memahami keterbatasan anggaran.,Menyudahi rapat lebih awal dan mengusulkan rapat lanjutan dengan mengundang ahli terkait penggunaan anggaran desa dan keamanan.,1,2,3,4,5,,,,,,
91,TKP,"Teman Anda sebagai bendahara hanya hadir saat pembayaran gaji atau membuat laporan akhir bulan, jarang terlibat dalam kegiatan harian yang butuh pengelolaan dana. Sikap Anda sebagai rekan kerja adalah…",,Menghubungi bendahara jika membutuhkan dana untuk kebutuhan kantor.,Meminta dukungan kepada rekan kerja lain agar membantu mengingatkan bendahara untuk hadir sesuai jam kantor.,Berdiskusi secara langsung tentang pentingnya kehadirannya dalam kegiatan harian serta dampak kehadirannya terhadap tim.,Melaporkan masalah ini kepada atasan agar tindakan lebih lanjut diambil terhadap bendahara tersebut.,Mengingatkan dan mengundangnya untuk ikut serta dalam kegiatan yang membutuhkan dana.,1,2,3,4,5,,,,,,
92,TKP,"Anda sebagai kepala divisi kepegawaian telah menempatkan siswa magang sesuai kapasitas, namun pimpinan meminta tambahan siswa dari sekolah dekat rumahnya. Anda khawatir jumlah berlebih akan membuat magang tidak efektif. Sikap Anda adalah…",,Menolak langsung permintaan pimpinan dengan alasan divisi sudah penuh dan tidak bisa menerima siswa magang tambahan.,Menerima permintaan pimpinan tanpa mempertimbangkan kondisi di lapangan dan mendistribusikan siswa tersebut ke divisi mana pun yang tersedia.,"Menginformasikan kepada pimpinan tentang kondisi kapasitas divisi yang sudah maksimal, serta menawarkan alternatif untuk menunda penerimaan siswa tambahan hingga periode magang berikutnya.",Meminta pengertian kepada pimpinan karena setiap divisi sudah dipenuhi oleh mahasiswa magang dari sekolah lain.,"Mengusulkan pengurangan jumlah siswa magang yang sudah ada untuk memberi ruang bagi siswa dari sekolah dekat tempat tinggal pimpinan, guna menjaga hubungan baik dengan pimpinan.",1,2,3,4,5,,,,,,
93,TKP,"Diana sedang melaksanakan kuliah semester 1. Dosen menuntutnya untuk mengakses materi pada platform e-learning serta mengerjakan tugas sesuai dengan waktu yang telah ditentukan. Diana tidak terbiasa membuka e-learning dan belum memahami fitur-fiturnya. Alhasil, Ia sering telambat mengumpulkan tugas. Maka sebaiknya yang Diana lakukan adalah.....",,Meminta bantuan teman untuk mengunduh materi dan mengumpulkan tugas melalui e-learning bersama-sama,Menghubungi dosen melalui email dan meminta waktu tambahan untuk mengerjakan tugas di e-learning,Mempelajari panduan penggunaan e-learning dan berlatih secara mandiri agar lebih lancar dalam mengakses serta mengumpulkan tugas tepat waktu,Menggunakan platform belajar lain seperti Google Drive untuk menyimpan tugas sebelum diunggah ke e-learning,Mencari aplikasi lain yang lebih sederhana untuk mengerjakan tugas dan menyampaikan hasilnya kepada dosen,1,2,3,4,5,,,,,,
94,TKP,Anda sebagai ketua panitia sedang menyelesaikan presentasi Dies Natalis yang akan dimulai 1 jam lagi. Rekan tim meminta presentasi dikoordinasikan dulu dengan ketua divisi lain. Sikap Anda adalah…,,Mengabaikan permintaan rekan Anda dan segera menyelesaikan presentasi sendiri untuk memastikan acara tetap berjalan sesuai jadwal.,Berkoordinasi dengan para ketua divisi melalui telepon untuk meminta penjelasan singkat dan melakukan penyesuaian dalam presentasi berdasarkan masukan tersebut.,"Menunda presentasi agar ada cukup waktu untuk berkoordinasi dengan ketua divisi, meskipun ini mungkin mengganggu rencana jadwal acara.","Meminta rekan Anda untuk menjelaskan poin penting yang Ia ketahui dari rencana kegiatan setiap divisi, kemudian melakukan revisi cepat berdasarkan input tersebut.","Menyampaikan kepada rekan Anda bahwa tidak ada cukup waktu untuk koordinasi saat ini, tetapi Anda akan memastikan semua ketua divisi diinformasikan tentang isi presentasi setelah acara.",1,2,3,4,5,,,,,,
95,TKP,"Anda diminta pimpinan mengikuti pelatihan perencanaan pembangunan desa selama 1 minggu. Hasilnya, Anda menyadari teori berbeda jauh dengan praktik di lapangan yang sering menyesuaikan anggaran demi kepentingan pimpinan. Setelah pelatihan, yang akan Anda lakukan adalah…",,Menggunakan ilmu yang didapat untuk menyusun rencana aksi yang lebih sesuai dengan kebutuhan masyarakat desa dan dikonsultasikan kepada pimpinan,Melibatkan masyarakat desa dalam proses perencanaan dengan mengadakan forum atau diskusi untuk mengidentifikasi kebutuhan dan aspirasi mereka.,Mengkomunikasikan hasil pelatihan dan temuan terkait kebutuhan masyarakat dalam proses perencanaan pembangunan kepada pimpinan.,Membentuk tim kerja yang terdiri dari anggota masyarakat dan stakeholder lainnya untuk merancang rencana pembangunan yang efektif.,Mengusulkan pelatihan berkelanjutan untuk anggota desa agar mereka lebih memahami perencanaan pembangunan yang baik dan partisipatif.,1,2,3,4,5,,,,,,
96,TKP,"Anda merupakan seorang arsiparis kantor. Anda sering sekali dikritik oleh pimpinan karena tidak bisa menyediakan data lama dengan cepat jika dibutuhkan oleh pimpinan. Hal ini padahal sudah disampaikan oleh pimpinan untuk membuat penyimpanan arsip digital agar mudah menemukan data ketika diperlukan. Setiap kali diminta, Anda harus mencari data tersebut cukup lama. Maka yang sebaiknya Anda lakukan adalah.......",,Meminta maaf kepada pimpinan dan menjelaskan bahwa proses pencarian arsip lama memang memakan waktu.,Mengusulkan kepada pimpinan untuk mempercepat proses digitalisasi arsip dan menambah sumber daya untuk melakukannya.,Mencatat data arsip yang sering diminta dan membuat daftar manual untuk mempercepat pencarian saat diperlukan.,Menyusun sistem arsip sementara dengan membuat folder arsip yang sering digunakan agar mudah ditemukan.,Segera melaksanakan perintah pimpinan untuk mendigitalisasi seluruh arsip agar pencarian data bisa lebih cepat dan efisien di masa mendatang,1,2,3,4,5,,,,,,
97,TKP,Rekan kerja Anda akhir-akhir ini sedang mengidolakan salah satu tokoh yang sering sekali menentang ideologi negara. Teman Anda tertarik dengan pemikiran tokoh tersebut terutama dari buku-buku yang Ia baca. Maka Anda sebagai sahabatnya akan …..,,"Melaporkan rekan Anda kepada atasan atau pihak berwenang, karena ketertarikannya terhadap tokoh yang menentang ideologi negara dapat memicu radikalisme di tempat kerja.","Mengabaikan perilaku rekan Anda dan tidak berusaha untuk terlibat dalam pemikiran atau minatnya terhadap tokoh tersebut, karena setiap orang berhak memiliki pandangan pribadi.",Memberikan referensi buku dan materi lain yang mendukung ideologi negara dan mengajak rekan Anda untuk membandingkan pemikiran tokoh idolanya dengan nilai-nilai Pancasila yang sudah disepakati sebagai dasar negara.,"Mengajak rekan Anda untuk berdiskusi secara terbuka tentang pandangan tokoh tersebut, lalu mengingatkannya tentang pentingnya menjaga ideologi negara dan kewaspadaan terhadap pemikiran yang bertentangan dengan Pancasila.","Mendiskusikan pandangan tokoh tersebut dengan rekan kerja lainnya untuk mendapatkan masukan dari sudut pandang yang berbeda, lalu bersama-sama mengajak rekan Anda kembali ke pemikiran yang sejalan dengan ideologi negara.",1,2,3,4,5,,,,,,
98,TKP,"Anda sebagai kepala bagian kepegawaian meninggalkan WhatsApp aktif di komputer kantor saat istirahat, sehingga rekan kerja membaca chat Anda dengan pimpinan terkait mutasi pegawai minggu depan. Sejak itu mereka menjauh karena merasa Anda tidak membagikan informasi tersebut. Sikap Anda sebaiknya adalah…",,"Mengabaikan sikap rekan-rekan yang menjauhi Anda, namun mulai membiasakan diri untuk selalu logout dari WhatsApp di komputer kantor setelah selesai digunakan agar mencegah kejadian serupa.",Meminta maaf kepada rekan-rekan dan menjelaskan bahwa informasi terkait mutasi merupakan rahasia jabatan.,Menegur rekan-rekan yang membaca pesan pribadi sambil berkomitmen untuk selalu logout dari akun pada perangkat kantor.,"Mengajak rekan-rekan berdiskusi secara terbuka, serta menjelaskan bahwa privasi digital harus dihormati. Anda juga memastikan ke depannya akan selalu logout dari akun WhatsApp di komputer kantor setelah selesai digunakan.","Membuat laporan kepada bagian IT untuk memastikan keamanan informasi di kantor, serta memberikan pelatihan kepada rekan-rekan tentang pentingnya keamanan data dan privasi digital, sekaligus memperbaiki kebiasaan logout dari perangkat setelah penggunaan.",1,2,3,4,5,,,,,,
99,TKP,"Anda diminta pimpinan untuk memimpin tim merancang dan mengimplementasikan sistem pengaduan yang efektif, transparan, dan cepat demi meningkatkan kepuasan publik. Langkah Anda adalah…",,Mengurangi alur penerimaan keluhan yang rumit agar memudahkan masyarakat dalam menyampaikan keluhan.,Melakukan survei kepuasan masyarakat secara rutin dan menggunakan masukan tersebut untuk memperbaiki sistem pengaduan.,Membuka layanan pengaduan secara online dan memantau setiap keluhan yang diterima agar segera ditindaklanjuti.,Membuat layanan pengaduan digital dan bersama tim menyusun standar penyelesaian pengaduan yang tepat waktu.,Pelayanan pengaduan dilakukan dengan menyediakan kotak saran di area pelayanan untuk menerima keluhan dari masyarakat.,1,2,3,4,5,,,,,,
100,TKP,"Anda adalah analis SDM yang harus menyusun laporan kepuasan karyawan untuk rapat pimpinan. Hasil survei menunjukkan ketidakpuasan signifikan, namun ada beberapa departemen yang datanya tidak lengkap. Sikap Anda adalah…",,Mengabaikan data dari departemen yang tidak memberikan masukan lengkap karena tidak ingin membingungkan rapat dengan informasi yang tidak akurat.,"Menyampaikan hasil survei apa adanya, termasuk ketidakpuasan yang ditemukan dan kurangnya masukan dari beberapa departemen, serta menyarankan untuk melakukan survei lanjutan",Mengatur pertemuan dengan masing-masing departemen untuk menggali lebih dalam mengenai ketidakpuasan mereka dan mendorong mereka untuk memberikan umpan balik.,Membuat rekomendasi langsung untuk perbaikan tanpa mempertimbangkan masukan dari semua departemen.,"Mengabaikan aspek yang tidak ada masukan lengkapnya, dan fokus hanya pada data yang lengkap untuk menyusun laporan.",1,2,3,4,5,,,,,,
101,TKP,"Anda adalah analis SDM yang harus menyusun laporan kepuasan karyawan untuk rapat pimpinan. Hasil survei menunjukkan ketidakpuasan signifikan, namun ada beberapa departemen yang datanya tidak lengkap. Sikap Anda adalah…",,Mengabaikan data dari departemen yang tidak memberikan masukan lengkap karena tidak ingin membingungkan rapat dengan informasi yang tidak akurat.,"Menyampaikan hasil survei apa adanya, termasuk ketidakpuasan yang ditemukan dan kurangnya masukan dari beberapa departemen, serta menyarankan untuk melakukan survei lanjutan",Mengatur pertemuan dengan masing-masing departemen untuk menggali lebih dalam mengenai ketidakpuasan mereka dan mendorong mereka untuk memberikan umpan balik.,Membuat rekomendasi langsung untuk perbaikan tanpa mempertimbangkan masukan dari semua departemen.,"Mengabaikan aspek yang tidak ada masukan lengkapnya, dan fokus hanya pada data yang lengkap untuk menyusun laporan.",1,2,3,4,5,,,,,,
102,TKP,"Firda, petugas loket kelurahan, didatangi warga 30 menit sebelum jam tutup dengan berkas administrasi yang tidak lengkap. Warga mendesak untuk dilayani, padahal daftar dokumen sudah tercantum di papan informasi dan website. Sikap Firda adalah…",,Memintanya dengan sopan untuk membaca papan pengumuman terlebih dahulu dan kembali setelah melengkapi berkas.,Memberitahukan warga secara baik-baik bahwa berkasnya belum lengkap dan dan menjelaskan bahwa tidak bisa diproses hingga semua persyaratan dipenuhi.,Memintanya untuk menunggu sementara waktu sambil Firda mencoba mencari solusi lain yang dapat memenuhi kebutuhan pelanggan tersebut,Melayaninya saja meskipun berkasnya tidak lengkap karena Anda ingin memberikan pelayanan maksimal.,Tetap melayaninya dan menyampaikan bahwa lain kali ia harus melengkapi semua berkas sesuai aturan.,1,2,3,4,5,,,,,,
103,TKP,"Maia bekerja di sebuah instansi pemerintah sebagai seorang bendahara pengeluaran. Setelah istirahat siang, ia dihadapkan pada tugas untuk membuat perencanaan keuangan selama satu tahun berjalan. Menurut Maia, hal tersebut cukup melelahkan karena ia baru saja kembali dari tugas kedinasan yang lain. Maka sikap Maia sebaiknya adalah ....",,Membawa pekerjaan tersebut ke rumah untuk diselesaikan setelah beristirahat nanti.,Meminta rekan kerja untuk saling membantu dalam menyelesaikan pekerjaan tersebut.,Menyelesaikan pekerjaan diruangan lain karena mungkin ia butuh pergantian suasana.,Menyelesaikan pekerjaan di kantor esok harinya dengan cepat setelah ia fit kembali.,Menyelesaikan pekerjaan dengan segera meskipun masih merasa kelelahan.,1,2,3,4,5,,,,,,
104,TKP,"Joko memimpin tim mengerjakan proyek penting di luar kota dengan tenggat seminggu. Di hari ketiga, Dina melakukan kesalahan karena tidak mengikuti SOP, mengganggu hasil kerja dan berpotensi menunda proyek. Sikap Joko adalah…",,Menegur Dina di depan anggota tim lainnya agar dia dapat langsung belajar dari kesalahannya dan memperbaiki kinerjanya di sisa proyek.,"Mengabaikan kesalahan Dina dan melanjutkan pekerjaan agar proyek bisa tetap selesai tepat waktu, karena memperdebatkan kesalahan bisa menghabiskan waktu.",Mendalami kesalahan yang telah diperbuatnya dan mengajaknya berbicara untuk memintanya bertanggung jawab terhadap hal tersebut,Membicarakannya dengan rekan kerja yang lain untuk dapat mengambil sikap dalam mengatasi situasi tersebut,"Segera melapor kepada atasan agar mereka bisa memberi tindakan yang sesuai, sambil mencari solusi bersama tim untuk memperbaiki efek akibat kesalahan tersebut.",1,2,3,4,5,,,,,,
105,TKP,"Malam ini anda berencana membantu adik anda dan teman kelompoknya untuk membuat sebuah artikel ilmiah. Ketika sedang mengajarkan cara membuat sebuah karya ilmiah yang baik, kemudian di televisi terdapat berita tentang semakin besarnya angka pengangguran di indonesia, yang dapat anda sarankan untuk adik dan dan teman kelompoknya adalah ....",,Meminta mereka untuk kuliah dengan sungguh-sungguh agar pada saat lulus nanti tidak sulit untuk mendapatkan pekerjaan,Meminta mereka untuk rajin dan serius ketika kuliah dan patuh terhadap seluruh aturan dikampus agar bisa lulus dengan cepat,Meminta mereka untuk tidak hanya menjadi kutu buku saja tapi juga ikut organisasi dengan resiko terlambat menyelesaikan perkuliahannya,Meminta mereka menyiapkan soft skill dan hard skill yang dapat dipergunakan dalam mendapatkan pekerjaan,"Tidak menyarankan apa apa, berharap mereka sadar sendiri nantinya tentang persaingan dunia kerja",1,2,3,4,5,,,,,,
106,TKP,"Gala, kepala bagian di kantor pajak, menghadapi warga yang keberatan atas pajak rumahnya. Setelah ditinjau, perhitungan pajak sudah sesuai aturan. Namun, warga tetap mendesak penurunan pajak dan berbicara dengan nada tinggi meski sudah dijelaskan prosedurnya oleh staf. Maka sikap Gala adalah…",,"Menjelaskan bahwa penghitungan pajak sudah sesuai aturan, dan menawarkan untuk meninjau ulang jika ada data tambahan.",Meminta maaf dan menemui warga tersebut dengan sopan untuk menjelaskan hasil perhitungan pajak yang sudah dihitung secara professional oleh stafnya tersebut,Meminta stafnya untuk memberikan penjelasan dengan bahasa yang lebih mudah dipahami oleh warga tersebut sambil meminta nya melakukan pelayanan yang terbaik,Meminta staf lain untuk ikut membantu menangani warga tersebut karena mungkin jika seorang yang menghadapinya tidak berhasil menanganinya.,Menginstruksikan stafnya untuk memenuhi permintaan warga agar tidak terjadi lagi konflik lebih lanjut.,1,2,3,4,5,,,,,,
107,TKP,"Roy bekerja di kementerian dengan pegawai beragam suku dan budaya. Dalam pagelaran seni budaya, tiap direktorat menampilkan kesenian daerah, meski tidak selalu sesuai asal masing-masing pegawai. Sikap Roy adalah…",,Menerima dan menjalankannya karena sudah menjadi ketentuan bahwa setiap orang harus menampilkan kesenian sesuai yang ditetapkan oleh pihak panitia,"Bersemangat untuk berlatih menampilkan pagelaran seni yang ditentukan, sehingga kesempatan tersebut digunakan untuk mengenal lebih jauh kesenian terkait",Besedia menampilkan kesenian tersebut dengan senang hati serta mengajak rekan yang lainnya untuk latihan dengan serius sehingga mampu menampilkan dengan baik,Meminta temannya yang berasal dari daerah asal kesenian tersebut untuk menjadi mentor agar dapat menampilkan kesenian yang berkualitas saat pentas berlangsung,"Berusaha untuk mengenal kesenian tersebut meskipun Roy merasa kesulitan untuk mengikutinya namun karena keharusan, maka harus dilaksanakan sebaik mungkin.",1,2,3,4,5,,,,,,
108,TKP,"Anda bekerja dalam tim. Seorang rekan kesulitan menyelesaikan tugas karena kurang paham aspek teknis, sementara tenggat proyek sudah dekat. Anda sudah selesai dengan tugas sendiri namun punya agenda pribadi setelah kerja. Sikap Anda adalah…",,"Menyelesaikan agenda pribadi terlebih dahulu karena itu penting, dan mengarahkan ia untuk mencari bantuan dari anggota tim lain yang mungkin bisa membantunya.",Menyelesaikan agenda pribadi terlebih dahulu dan menghubungi ia nanti sesuai kegiatan anda untuk membantunya dengan sungguh-sungguh,"Menawarkan bantuan kepadanya dan memberikan penjelasan dengan singkat agar dia bisa menyelesaikan tugasnya, lalu melanjutkan agenda pribadi Anda.","Menunda agenda pribadi sampai anda selesai membantunya menyelesaikan tugasnya hingga dia paham, meskipun memakan waktu yang lebih lama.","Memberikan seluruh arahan kepadanya dengan cepat sehingga bisa menyelesaikan tugasnya tanpa perlu pemahaman yang dalam, lalu melanjutkan agenda pribadi Anda.",1,2,3,4,5,,,,,,
109,TKP,Di daerah Anton bekerja marak aksi radikalisme. Atasan meminta seluruh pegawai mengusulkan program pencegahan berbasis data dan fakta lapangan yang berdampak jangka panjang. Ide yang sebaiknya Anton ajukan adalah…,,Merancang program giat literasi dengan membangun sudut baca dan isian buku-buku yang menumbuhkan rasa nasionalisme.,Mengusulkan kegiatan sosialisasi anti radikalisme kepada seluruh pegawai kantor pada akhir pekan nanti.,Mengadakan makan bersama seluruh pegawai kantor satu bulan sekali.,Membentuk tim cyber khusus untuk mengawasi postingan dan komentar para pegawai di media sosial.,Merancang aplikasi pelaporan online bagi pegawai yang diduga melakukan praktek radikalisme.,1,2,3,4,5,,,,,,
110,TKP,"Delfian, dosen CPNS di salah satu kampus negeri, dinilai kurang baik dalam mengajar dibanding rekan sejawat pada akhir semester. Sikap yang sebaiknya ia ambil adalah…",,"Membandingkan diri dengan rekan sejawat dan merasa kecewa, namun menunggu penilaian berikutnya untuk melihat apakah ada perubahan.","Menerima penilaian, tetapi tetap menggunakan metode lama karena merasa sudah sesuai dengan kemampuannya.","Menerima evaluasi dengan lapang dada, lalu mengikuti pelatihan atau belajar dari rekan sejawat untuk meningkatkan kualitas mengajar.","Mengevaluasi sendiri metode mengajarnya, mencari referensi tambahan, dan mencoba menerapkannya pada semester berikutnya.",Menolak hasil evaluasi dan menganggap penilaian atasan tidak objektif.,1,2,3,4,5,,,,,,
